China_ncases,China_tcases,China_tdeaths,France_ncases,France_tcases,France_tdeaths,Germany_ncases,Germany_tcases,Germany_tdeaths,Iran_ncases,Iran_tcases,Iran_tdeaths,Italy_ncases,Italy_tcases,Italy_tdeaths,Portugal_ncases,Portugal_tcases,Portugal_tdeaths,S. Korea_ncases,S. Korea_tcases,S. Korea_tdeaths,Spain_ncases,Spain_tcases,Spain_tdeaths,Switzerland_ncases,Switzerland_tcases,Switzerland_tdeaths,UK_ncases,UK_tcases,UK_tdeaths,USA_ncases,USA_tcases,USA_tdeaths,bitcoin_usd,bitcoin_web,ethereum_usd,ethereum_web,litecoin_usd,litecoin_web,ripple_usd,ripple_web,timestamp,bitcoin_future_5min,ethereum_future_5min,ripple_future_5min,litecoin_future_5min,bitcoin_future_hour,ethereum_future_hour,ripple_future_hour,litecoin_future_hour,bitcoin_future_day,ethereum_future_day,ripple_future_day,litecoin_future_day
67,81285,3287,0,25233,1331,6323,43646,239,2389,29406,2234,6153,80539,8165,549,3544,60,104,9241,131,6682,56197,4145,815,11712,191,320,9849,477,7454,75665,1100,6647.97,0.0,134.61,1.0,38.94,1.0,0.161211,1.0,1585245664.0,6646.24,134.58,0.161298,38.97,6655.56,135.03,0.16228,39.02,6642.92,136.43,0.173714,39.63
67,81285,3287,0,25233,1331,6323,43646,239,2389,29406,2234,6153,80539,8165,549,3544,60,104,9241,131,6682,56197,4145,815,11712,191,320,9849,477,7454,75665,1100,6646.24,0.0,134.58,1.0,38.97,1.0,0.161298,1.0,1585245975.0,6647.41,134.63,0.161506,38.99,6658.16,135.05,0.162313,39.0,6642.52,136.52,0.173851,39.61
67,81285,3287,0,25233,1331,6323,43646,239,2389,29406,2234,6153,80539,8215,549,3544,60,104,9241,131,6682,56197,4145,815,11712,191,320,9849,477,7454,75665,1100,6647.41,1.0,134.63,1.0,38.99,1.0,0.161506,0.0,1585246276.0,6648.71,134.74,0.161449,38.98,6662.3,135.09,0.162359,39.04,6644.28,136.46,0.173982,39.62
67,81285,3287,0,25233,1331,6323,43646,239,2389,29406,2234,6153,80539,8215,549,3544,60,104,9241,131,6682,56197,4145,815,11712,191,320,9849,477,7454,75665,1100,6648.71,0.0,134.74,1.0,38.98,1.0,0.161449,0.5,1585246576.0,6653.04,134.91,0.16163,39.04,6655.08,135.02,0.162217,39.01,6643.21,136.44,0.174071,39.6
67,81285,3287,0,25233,1331,6323,43646,239,2389,29406,2234,6153,80539,8215,549,3544,60,104,9241,131,6682,56197,4145,815,11712,191,320,9849,477,7454,75665,1100,6653.04,1.0,134.91,1.0,39.04,1.0,0.16163,1.0,1585246872.0,6647.19,134.91,0.161583,39.01,6655.52,135.01,0.162195,39.0,6653.43,136.62,0.17451,39.66
67,81285,3287,0,25233,1331,6323,43646,239,2389,29406,2234,6153,80539,8215,549,3544,60,104,9241,131,6682,56197,4145,815,11712,191,320,9849,477,7454,75665,1100,6647.19,1.0,134.91,1.0,39.01,1.0,0.161583,1.0,1585247168.0,6649.8,134.88,0.161795,38.9,6660.39,135.19,0.162191,39.05,6648.98,136.58,0.1744,39.62
67,81285,3287,0,25233,1331,6323,43646,239,2389,29406,2234,6203,80589,8215,549,3544,60,104,9241,131,6682,56197,4145,815,11712,191,320,9849,477,9928,78139,1119,6649.8,0.0,134.88,1.0,38.9,1.0,0.161795,1.0,1585247475.0,6649.53,134.86,0.161842,38.94,6668.9,135.31,0.162462,39.07,6637.91,136.42,0.174369,39.56
67,81285,3287,0,25233,1331,6323,43646,239,2389,29406,2234,6203,80589,8215,549,3544,60,104,9241,131,6682,56197,4145,815,11712,191,320,9849,477,9928,78139,1119,6649.53,1.0,134.86,1.0,38.94,1.0,0.161842,1.0,1585247775.0,6647.6,134.81,0.161948,38.91,6674.01,135.29,0.162462,39.07,6653.07,136.8,0.174661,39.61
67,81285,3287,3922,29155,1696,6323,43646,239,2389,29406,2234,6203,80589,8215,549,3544,60,104,9241,131,6682,56197,4145,815,11712,191,2129,11658,578,10738,78949,1141,6647.6,1.0,134.81,1.0,38.91,1.0,0.161948,1.0,1585248084.0,6647.06,134.8,0.161991,38.92,6674.67,135.28,0.162365,39.08,6653.33,136.85,0.174953,39.69
67,81285,3287,3922,29155,1696,6323,43646,239,2389,29406,2234,6203,80589,8215,549,3544,60,104,9241,131,6682,56197,4145,815,11712,191,2129,11658,578,10738,78949,1141,6647.06,1.0,134.8,1.0,38.92,1.0,0.161991,1.0,1585248379.0,6644.12,134.74,0.162153,38.92,6656.25,134.95,0.162323,39.01,6658.17,136.96,0.175191,39.74
67,81285,3287,3922,29155,1696,6323,43646,239,2389,29406,2234,6203,80589,8215,549,3544,60,104,9241,131,6682,56197,4145,815,11712,191,2129,11658,578,10871,79082,1143,6644.12,1.0,134.74,1.0,38.92,1.0,0.162153,1.0,1585248673.0,6652.04,134.89,0.16221,39.01,6657.93,134.83,0.162096,38.96,6663.07,137.09,0.175568,39.78
67,81285,3287,3922,29155,1696,6323,43646,239,2389,29406,2234,6203,80589,8215,549,3544,60,104,9241,131,6682,56197,4145,815,11712,191,2129,11658,578,10871,79082,1143,6652.04,1.0,134.89,1.0,39.01,1.0,0.16221,1.0,1585248975.0,6655.56,135.03,0.16228,39.02,6654.63,134.8,0.162093,38.98,6658.69,137.26,0.175853,39.74
67,81285,3287,3922,29155,1696,6323,43646,239,2389,29406,2234,6203,80589,8215,549,3544,60,104,9241,131,6682,56197,4145,815,11712,191,2129,11658,578,10871,79082,1143,6655.56,1.0,135.03,1.0,39.02,1.0,0.16228,1.0,1585249274.0,6658.16,135.05,0.162313,39.0,6673.35,135.4,0.162956,39.13,6653.9,137.02,0.175687,39.68
67,81285,3287,3922,29155,1696,6323,43646,239,2389,29406,2234,6203,80589,8215,549,3544,60,104,9241,131,6682,56197,4145,815,11712,191,2129,11658,578,10871,79082,1143,6658.16,1.0,135.05,1.0,39.0,1.0,0.162313,1.0,1585249564.0,6662.3,135.09,0.162359,39.04,6673.4,135.38,0.163018,39.14,6655.66,136.91,0.175748,39.72
67,81285,3287,3922,29155,1696,6323,43646,239,2389,29406,2234,6203,80589,8215,549,3544,60,104,9241,131,6682,56197,4145,815,11712,191,2129,11658,578,10871,79082,1143,6662.3,1.0,135.09,1.0,39.04,1.0,0.162359,0.5,1585249875.0,6655.08,135.02,0.162217,39.01,6685.02,135.63,0.163209,39.2,6659.2,136.94,0.175946,39.72
67,81285,3287,3922,29155,1696,6323,43646,239,2389,29406,2234,6203,80589,8215,549,3544,60,104,9241,131,6682,56197,4145,815,11712,191,2129,11658,578,10871,79082,1143,6655.08,1.0,135.02,1.0,39.01,1.0,0.162217,1.0,1585250178.0,6655.52,135.01,0.162195,39.0,6688.9,136.05,0.163405,39.26,6676.92,137.08,0.176402,39.79
67,81285,3287,3922,29155,1696,6323,43646,239,2389,29406,2234,6203,80589,8215,549,3544,60,104,9241,131,6682,56197,4145,815,11712,191,2129,11658,578,10871,79082,1143,6655.52,1.0,135.01,1.0,39.0,1.0,0.162195,1.0,1585250478.0,6660.39,135.19,0.162191,39.05,6722.08,136.57,0.164013,39.43,6676.92,137.24,0.176967,39.79
67,81285,3287,3922,29155,1696,6323,43646,239,2389,29406,2234,6203,80589,8215,549,3544,60,104,9241,131,6682,56197,4145,815,11712,191,2129,11658,578,10871,79082,1143,6660.39,1.0,135.19,1.0,39.05,1.0,0.162191,1.0,1585250780.0,6668.9,135.31,0.162462,39.07,6721.99,136.13,0.163972,39.21,6680.39,137.14,0.1769,39.71
67,81285,3287,3922,29155,1696,6323,43646,239,2389,29406,2234,6203,80589,8215,549,3544,60,104,9241,131,6682,56197,4145,815,11712,191,2129,11658,578,10871,79082,1143,6668.9,1.0,135.31,0.5,39.07,1.0,0.162462,1.0,1585251079.0,6674.01,135.29,0.162462,39.07,6682.99,135.85,0.163214,39.15,6679.74,137.23,0.177012,39.75
67,81285,3287,3922,29155,1696,6323,43646,239,2389,29406,2234,6203,80589,8215,549,3544,60,104,9241,131,6682,56197,4145,815,11712,191,2129,11658,578,10871,79082,1143,6674.01,1.0,135.29,1.0,39.07,1.0,0.162462,1.0,1585251373.0,6674.67,135.28,0.162365,39.08,6700.81,136.12,0.163623,39.23,6680.83,137.23,0.177091,39.77
67,81285,3287,3922,29155,1696,6323,43646,239,2389,29406,2234,6203,80589,8215,549,3544,60,104,9241,131,6682,56197,4145,815,11712,191,2129,11658,578,11544,79755,1150,6674.67,1.0,135.28,1.0,39.08,1.0,0.162365,1.0,1585251673.0,6656.25,134.95,0.162323,39.01,6707.17,136.23,0.163675,39.24,6677.51,137.14,0.180951,39.72
67,81285,3287,3922,29155,1696,6323,43646,239,2389,29406,2234,6203,80589,8215,549,3544,60,104,9241,131,6682,56197,4145,815,11712,191,2129,11658,578,11544,79755,1150,6656.25,1.0,134.95,1.0,39.01,1.0,0.162323,1.0,1585251965.0,6657.93,134.83,0.162096,38.96,6712.18,136.21,0.163801,39.23,6672.11,137.16,0.17897,39.72
67,81285,3287,3922,29155,1696,6323,43646,239,2389,29406,2234,6203,80589,8215,549,3544,60,104,9241,131,6682,56197,4145,815,11712,191,2129,11658,578,11860,80071,1151,6657.93,1.0,134.83,1.0,38.96,1.0,0.162096,1.0,1585252263.0,6654.63,134.8,0.162093,38.98,6715.17,136.31,0.163808,39.27,6668.25,137.01,0.178432,39.72
67,81285,3287,3922,29155,1696,6323,43646,239,2389,29406,2234,6203,80589,8215,549,3544,60,104,9241,131,6682,56197,4145,815,11712,191,2129,11658,578,11860,80071,1151,6654.63,1.0,134.8,1.0,38.98,1.0,0.162093,1.0,1585252570.0,6673.35,135.4,0.162956,39.13,6728.22,136.53,0.164555,39.38,6664.56,136.8,0.178283,39.67
67,81285,3287,3922,29155,1696,6323,43646,239,2389,29406,2234,6203,80589,8215,549,3544,60,104,9241,131,6682,56197,4145,815,11712,191,2129,11658,578,11893,80104,1151,6673.35,1.0,135.4,1.0,39.13,1.0,0.162956,1.0,1585252866.0,6673.4,135.38,0.163018,39.14,6741.4,136.78,0.164635,39.39,6662.78,136.76,0.178235,39.66
67,81285,3287,3922,29155,1696,6323,43646,239,2389,29406,2234,6203,80589,8215,549,3544,60,104,9241,131,6682,56197,4145,815,11712,191,2129,11658,578,11893,80104,1151,6673.4,1.0,135.38,1.0,39.14,1.0,0.163018,1.0,1585253175.0,6685.02,135.63,0.163209,39.2,6737.71,136.69,0.164613,39.37,6653.96,136.58,0.178177,39.65
67,81285,3287,3922,29155,1696,6323,43646,239,2389,29406,2234,6203,80589,8215,549,3544,60,104,9241,131,6682,56197,4145,815,11712,191,2129,11658,578,12643,80854,1163,6685.02,1.0,135.63,1.0,39.2,1.0,0.163209,1.0,1585253476.0,6688.9,136.05,0.163405,39.26,6752.28,136.9,0.165,39.45,6648.1,136.4,0.178341,39.61
67,81285,3287,3922,29155,1696,6323,43646,239,2389,29406,2234,6203,80589,8215,549,3544,60,104,9241,131,6682,56197,4145,815,11712,191,2129,11658,578,12643,80854,1163,6688.9,1.0,136.05,1.0,39.26,1.0,0.163405,1.0,1585253772.0,6722.08,136.57,0.164013,39.43,6749.55,136.93,0.165272,39.46,6646.15,136.48,0.178117,39.68
67,81285,3287,3922,29155,1696,6323,43646,262,2389,29406,2234,6203,80589,8215,549,3544,60,104,9241,131,6682,56197,4145,914,11811,191,2129,11658,578,12643,80854,1163,6722.08,1.0,136.57,1.0,39.43,1.0,0.164013,1.0,1585254074.0,6721.99,136.13,0.163972,39.21,6702.22,136.26,0.166227,39.34,6647.19,136.49,0.178039,39.7
67,81285,3287,3922,29155,1696,6323,43646,262,2389,29406,2234,6203,80589,8215,549,3544,60,104,9241,131,6682,56197,4145,914,11811,191,2129,11658,578,12643,80854,1163,6721.99,1.0,136.13,1.0,39.21,1.0,0.163972,1.0,1585254378.0,6682.99,135.85,0.163214,39.15,6705.99,136.29,0.166437,39.36,6649.9,136.54,0.178248,39.67
67,81285,3287,3922,29155,1696,6323,43646,262,2389,29406,2234,6203,80589,8215,549,3544,60,104,9241,131,6682,56197,4145,914,11811,191,2129,11658,578,12643,80854,1163,6682.99,1.0,135.85,1.0,39.15,1.0,0.163214,1.0,1585254690.0,6700.81,136.12,0.163623,39.23,6732.59,136.67,0.168882,39.57,6648.36,136.42,0.178986,39.68
67,81285,3287,3922,29155,1696,6323,43646,262,2389,29406,2234,6203,80589,8215,549,3544,60,104,9241,131,6682,56197,4145,914,11811,191,2129,11658,578,12643,80854,1163,6700.81,1.0,136.12,1.0,39.23,1.0,0.163623,1.0,1585254976.0,6707.17,136.23,0.163675,39.24,6714.81,136.65,0.170922,39.56,6669.95,136.71,0.179258,39.79
67,81285,3287,3922,29155,1696,6323,43646,262,2389,29406,2234,6203,80589,8215,549,3544,60,104,9241,131,6682,56197,4145,914,11811,191,2129,11658,578,12646,80857,1163,6707.17,1.0,136.23,1.0,39.24,1.0,0.163675,1.0,1585255277.0,6712.18,136.21,0.163801,39.23,6715.18,136.75,0.171134,39.58,6665.91,136.73,0.179142,39.74
67,81285,3287,3922,29155,1696,6323,43646,262,2389,29406,2234,6203,80589,8215,549,3544,60,104,9241,131,6682,56197,4145,914,11811,191,2129,11658,578,12646,80857,1163,6712.18,1.0,136.21,1.0,39.23,1.0,0.163801,1.0,1585255572.0,6715.17,136.31,0.163808,39.27,6747.73,137.41,0.170783,39.72,6659.79,136.66,0.179178,39.74
67,81285,3287,3922,29155,1696,6323,43646,262,2389,29406,2234,6203,80589,8215,549,3544,60,104,9241,131,6832,56347,4154,914,11811,191,2129,11658,578,13685,81896,1174,6715.17,1.0,136.31,1.0,39.27,1.0,0.163808,1.0,1585255868.0,6728.22,136.53,0.164555,39.38,6746.44,137.48,0.172143,39.75,6660.45,136.7,0.179401,39.79
67,81285,3287,3922,29155,1696,6323,43646,262,2389,29406,2234,6203,80589,8215,549,3544,60,104,9241,131,6832,56347,4154,914,11811,191,2129,11658,578,13685,81896,1174,6728.22,1.0,136.53,1.0,39.38,1.0,0.164555,1.0,1585256174.0,6741.4,136.78,0.164635,39.39,6732.84,137.38,0.171888,39.69,6678.22,137.04,0.180472,39.88
67,81285,3287,3922,29155,1696,6323,43646,262,2389,29406,2234,6203,80589,8215,549,3544,60,104,9241,131,6832,56347,4154,914,11811,191,2129,11658,578,13732,81943,1177,6741.4,1.0,136.78,1.0,39.39,1.0,0.164635,1.0,1585256469.0,6737.71,136.69,0.164613,39.37,6729.64,136.63,0.171695,39.67,6683.0,137.29,0.18046,39.96
67,81285,3287,3922,29155,1696,6323,43646,262,2389,29406,2234,6203,80589,8215,549,3544,60,104,9241,131,6832,56347,4154,914,11811,191,2129,11658,578,13732,81943,1177,6737.71,1.0,136.69,1.0,39.37,1.0,0.164613,1.0,1585256775.0,6752.28,136.9,0.165,39.45,6718.04,136.55,0.169981,39.58,6683.4,137.48,0.180556,40.02
67,81285,3287,3922,29155,1696,6323,43646,262,2389,29406,2234,6203,80589,8215,549,3544,60,104,9241,131,6832,56347,4154,914,11811,191,2129,11658,578,13785,81996,1177,6752.28,1.0,136.9,1.0,39.45,1.0,0.165,0.0,1585257073.0,6749.55,136.93,0.165272,39.46,6714.79,136.27,0.169398,39.47,6696.36,137.56,0.181698,40.16
67,81285,3287,3922,29155,1696,6323,43646,262,2389,29406,2234,6203,80589,8215,549,3544,60,104,9241,131,6832,56347,4154,914,11811,191,2129,11658,578,13785,81996,1177,6749.55,1.0,136.93,1.0,39.46,1.0,0.165272,1.0,1585257369.0,6702.22,136.26,0.166227,39.34,6693.74,135.64,0.168317,39.36,6694.82,137.63,0.185851,40.15
67,81285,3287,3922,29155,1696,6323,43646,262,2389,29406,2234,6203,80589,8215,549,3544,60,104,9241,131,6832,56347,4154,914,11811,191,2129,11658,578,13785,81996,1177,6702.22,1.0,136.26,1.0,39.34,1.0,0.166227,1.0,1585257672.0,6705.99,136.29,0.166437,39.36,6700.64,135.68,0.168532,39.43,6672.11,137.34,0.181873,39.95
67,81285,3287,3922,29155,1696,6323,43646,262,2389,29406,2234,6203,80589,8215,549,3544,60,104,9241,131,6832,56347,4154,914,11811,191,2129,11658,578,13785,81996,1177,6705.99,1.0,136.29,1.0,39.36,1.0,0.166437,1.0,1585257977.0,6732.59,136.67,0.168882,39.57,6709.13,135.94,0.168052,39.44,6672.2,136.73,0.181828,39.95
67,81285,3287,3922,29155,1696,6323,43646,262,2389,29406,2234,6203,80589,8215,549,3544,60,104,9241,131,6832,56347,4154,914,11811,191,2129,11658,578,13963,82174,1177,6732.59,1.0,136.67,1.0,39.57,1.0,0.168882,1.0,1585258281.0,6714.81,136.65,0.170922,39.56,6677.69,135.45,0.167839,39.32,6685.25,136.98,0.182095,40.03
67,81285,3287,3922,29155,1696,6323,43646,262,2389,29406,2234,6203,80589,8215,549,3544,60,104,9241,131,6832,56347,4154,914,11811,191,2129,11658,578,13963,82174,1177,6714.81,1.0,136.65,1.0,39.56,1.0,0.170922,1.0,1585258574.0,6715.18,136.75,0.171134,39.58,6687.73,135.58,0.168104,39.38,6681.08,136.97,0.182013,40.06
67,81285,3287,3922,29155,1696,6323,43646,262,2389,29406,2234,6203,80589,8215,549,3544,60,104,9241,131,6832,56347,4154,914,11811,191,2129,11658,578,13968,82179,1177,6715.18,1.0,136.75,1.0,39.58,1.0,0.171134,1.0,1585258883.0,6747.73,137.41,0.170783,39.72,6696.65,135.89,0.16796,39.5,6675.53,136.78,0.181808,40.01
67,81285,3287,3922,29155,1696,6323,43646,262,2389,29406,2234,6203,80589,8215,549,3544,60,104,9241,131,6832,56347,4154,914,11811,191,2129,11658,578,13968,82179,1177,6747.73,1.0,137.41,1.0,39.72,1.0,0.170783,1.0,1585259174.0,6746.44,137.48,0.172143,39.75,6693.0,135.79,0.168077,39.47,6670.37,136.73,0.181183,40.0
67,81285,3287,3922,29155,1696,6323,43646,262,2389,29406,2234,6203,80589,8215,549,3544,60,104,9241,131,6832,56347,4154,914,11811,191,2129,11658,578,13968,82179,1177,6746.44,1.0,137.48,1.0,39.75,1.0,0.172143,1.0,1585259464.0,6732.84,137.38,0.171888,39.69,6707.87,136.11,0.168875,39.57,6672.39,136.81,0.180566,39.97
67,81285,3287,3922,29155,1696,6323,43646,262,2389,29406,2234,6203,80589,8215,549,3544,60,104,9241,131,6832,56347,4154,914,11811,191,2129,11658,578,13968,82179,1177,6732.84,1.0,137.38,1.0,39.69,1.0,0.171888,1.0,1585259769.0,6729.64,136.63,0.171695,39.67,6707.93,136.17,0.169149,39.58,6672.14,136.9,0.180608,39.91
67,81285,3287,3922,29155,1696,6323,43646,262,2389,29406,2234,6203,80589,8215,549,3544,60,104,9241,131,6832,56347,4154,914,11811,191,2129,11658,578,13968,82179,1177,6729.64,1.0,136.63,1.0,39.67,1.0,0.171695,1.0,1585260066.0,6718.04,136.55,0.169981,39.58,6708.9,136.25,0.169442,39.56,6685.63,137.2,0.181459,39.97
67,81285,3287,3922,29155,1696,6323,43646,262,2389,29406,2234,6203,80589,8215,549,3544,60,104,9241,131,6832,56347,4154,914,11811,191,2129,11658,578,13968,82179,1177,6718.04,1.0,136.55,1.0,39.58,1.0,0.169981,1.0,1585260364.0,6714.79,136.27,0.169398,39.47,6712.04,136.35,0.169411,39.55,6681.43,137.21,0.181203,39.9
67,81285,3287,3922,29155,1696,6323,43646,262,2389,29406,2234,6203,80589,8215,549,3544,60,104,9241,131,8271,57786,4365,914,11811,191,2129,11658,578,14312,82523,1182,6714.79,1.0,136.27,1.0,39.47,1.0,0.169398,1.0,1585260671.0,6693.74,135.64,0.168317,39.36,6737.24,137.05,0.173721,39.71,6664.84,136.77,0.180183,39.74
0,81285,3287,3922,29155,1696,6323,43646,262,2389,29406,2234,6203,80589,8215,549,3544,60,104,9241,131,8271,57786,4365,914,11811,191,2129,11658,578,14312,82523,1182,6693.74,1.0,135.64,1.0,39.36,1.0,0.168317,1.0,1585260977.0,6700.64,135.68,0.168532,39.43,6737.69,137.22,0.174642,39.7,6661.57,136.68,0.179917,39.74
0,81285,3287,3922,29155,1696,6615,43938,267,2389,29406,2234,6203,80589,8215,549,3544,60,104,9241,131,8271,57786,4365,914,11811,191,2129,11658,578,14401,82612,1184,6700.64,1.0,135.68,1.0,39.43,1.0,0.168532,1.0,1585261271.0,6709.13,135.94,0.168052,39.44,6735.26,137.26,0.17519,39.72,6662.51,136.7,0.179929,39.77
0,81285,3287,3922,29155,1696,6615,43938,267,2389,29406,2234,6203,80589,8215,549,3544,60,104,9241,131,8271,57786,4365,914,11811,191,2129,11658,578,14401,82612,1184,6709.13,1.0,135.94,1.0,39.44,1.0,0.168052,1.0,1585261574.0,6677.69,135.45,0.167839,39.32,6752.84,138.31,0.173733,39.9,6670.86,136.84,0.18022,39.81
0,81285,3287,3922,29155,1696,6615,43938,267,2389,29406,2234,6203,80589,8215,549,3544,60,104,9241,131,8271,57786,4365,914,11811,191,2129,11658,578,14763,82974,1195,6677.69,1.0,135.45,1.0,39.32,1.0,0.167839,1.0,1585261879.0,6687.73,135.58,0.168104,39.38,6752.26,138.28,0.173688,39.9,6670.39,136.97,0.180574,39.84
0,81285,3287,3922,29155,1696,6615,43938,267,2389,29406,2234,6203,80589,8215,549,3544,60,104,9241,131,8271,57786,4365,914,11811,191,2129,11658,578,14763,82974,1195,6687.73,1.0,135.58,1.0,39.38,1.0,0.168104,1.0,1585262168.0,6696.65,135.89,0.16796,39.5,6739.69,138.27,0.1732,39.85,6657.73,136.71,0.180151,39.72
0,81285,3287,3922,29155,1696,6615,43938,267,2389,29406,2234,6203,80589,8215,549,3544,60,104,9241,131,8271,57786,4365,914,11811,191,2129,11658,578,14886,83097,1198,6696.65,1.0,135.89,1.0,39.5,1.0,0.16796,1.0,1585262473.0,6693.0,135.79,0.168077,39.47,6746.77,138.64,0.1736,40.04,6662.37,136.77,0.180311,39.77
0,81285,3287,3922,29155,1696,6615,43938,267,2389,29406,2234,6203,80589,8215,549,3544,60,104,9241,131,8271,57786,4365,914,11811,191,2129,11658,578,14886,83097,1198,6693.0,1.0,135.79,1.0,39.47,1.0,0.168077,1.0,1585262777.0,6707.87,136.11,0.168875,39.57,6740.11,138.17,0.173107,40.02,6672.19,137.04,0.180523,39.84
0,81285,3287,3922,29155,1696,6615,43938,267,2389,29406,2234,6203,80589,8215,549,3544,60,104,9241,131,8271,57786,4365,914,11811,191,2129,11658,578,14933,83144,1201,6707.87,1.0,136.11,1.0,39.57,1.0,0.168875,1.0,1585263068.0,6707.93,136.17,0.169149,39.58,6758.91,138.56,0.173887,40.13,6673.95,137.07,0.180828,39.84
0,81285,3287,3922,29155,1696,6615,43938,267,2389,29406,2234,6203,80589,8215,549,3544,60,104,9241,131,8271,57786,4365,914,11811,191,2129,11658,578,14933,83144,1201,6707.93,1.0,136.17,1.0,39.58,1.0,0.169149,0.0,1585263374.0,6708.9,136.25,0.169442,39.56,6767.29,138.61,0.17391,40.28,6680.12,137.19,0.180958,39.87
0,81285,3287,3922,29155,1696,6615,43938,267,2389,29406,2234,6203,80589,8215,549,3544,60,104,9241,131,8271,57786,4365,914,11811,191,2129,11658,578,14933,83144,1201,6708.9,1.0,136.25,1.0,39.56,1.0,0.169442,0.0,1585263668.0,6712.04,136.35,0.169411,39.55,6765.56,138.77,0.174144,40.38,6670.52,137.03,0.181364,39.85
0,81285,3287,3922,29155,1696,6615,43938,267,2389,29406,2234,6203,80589,8215,549,3544,60,104,9241,131,8271,57786,4365,914,11811,191,2129,11658,578,14933,83144,1201,6712.04,1.0,136.35,1.0,39.55,1.0,0.169411,0.0,1585263967.0,6737.24,137.05,0.173721,39.71,6784.95,139.0,0.174416,40.39,6661.27,136.82,0.181162,39.82
0,81285,3287,3922,29155,1696,6615,43938,267,2389,29406,2234,6203,80589,8215,549,3544,60,104,9241,131,8271,57786,4365,914,11811,191,2129,11658,578,14995,83206,1201,6737.24,1.0,137.05,1.0,39.71,1.0,0.173721,1.0,1585264275.0,6737.69,137.22,0.174642,39.7,6784.95,140.04,0.17868,40.39,6656.45,136.6,0.181299,39.84
0,81285,3287,3922,29155,1696,6615,43938,267,2389,29406,2234,6203,80589,8215,549,3544,60,104,9241,131,8271,57786,4365,914,11811,191,2129,11658,578,14995,83206,1201,6737.69,1.0,137.22,1.0,39.7,1.0,0.174642,1.0,1585264569.0,6735.26,137.26,0.17519,39.72,6821.74,140.47,0.179232,40.76,6656.23,136.58,0.181353,39.84
0,81285,3287,3922,29155,1696,6615,43938,267,2389,29406,2234,6203,80589,8215,549,3544,60,104,9241,131,8271,57786,4365,914,11811,191,2129,11658,578,14995,83206,1201,6735.26,1.0,137.26,1.0,39.72,1.0,0.17519,1.0,1585264872.0,6752.84,138.31,0.173733,39.9,6821.62,140.67,0.176049,40.76,6661.77,136.69,0.18181,39.94
0,81285,3287,3922,29155,1696,6615,43938,267,2389,29406,2234,6203,80589,8215,549,3544,60,104,9241,131,8271,57786,4365,914,11811,191,2129,11658,578,14995,83206,1201,6752.84,1.0,138.31,1.0,39.9,1.0,0.173733,1.0,1585265173.0,6752.26,138.28,0.173688,39.9,6840.59,141.18,0.176641,40.91,6654.03,136.54,0.181541,39.91
0,81285,3287,3922,29155,1696,6615,43938,267,2389,29406,2234,6203,80589,8215,549,3544,60,104,9241,131,8271,57786,4365,914,11811,191,2129,11658,578,14995,83206,1201,6752.26,1.0,138.28,1.0,39.9,1.0,0.173688,1.0,1585265473.0,6739.69,138.27,0.1732,39.85,6865.07,141.18,0.176924,41.04,6640.3,136.3,0.180897,39.83
0,81285,3287,3922,29155,1696,6615,43938,267,2389,29406,2234,6203,80589,8215,549,3544,60,104,9241,131,8271,57786,4365,914,11811,191,2129,11658,578,14995,83206,1201,6739.69,1.0,138.27,1.0,39.85,1.0,0.1732,1.0,1585265771.0,6746.77,138.64,0.1736,40.04,6854.72,140.2,0.176325,41.08,6625.96,135.79,0.179957,39.69
0,81285,3287,3922,29155,1696,6615,43938,267,2389,29406,2234,6203,80589,8215,549,3544,60,104,9241,131,8271,57786,4365,914,11811,191,2129,11658,578,14995,83206,1201,6746.77,1.0,138.64,1.0,40.04,1.0,0.1736,1.0,1585266071.0,6740.11,138.17,0.173107,40.02,6804.53,139.29,0.174755,40.68,6626.02,135.77,0.179582,39.71
0,81285,3287,3922,29155,1696,6615,43938,267,2389,29406,2234,6203,80589,8215,549,3544,60,104,9241,131,8271,57786,4365,914,11811,191,2129,11658,578,14995,83206,1201,6740.11,1.0,138.17,1.0,40.02,1.0,0.173107,1.0,1585266376.0,6758.91,138.56,0.173887,40.13,6780.01,138.65,0.173693,40.52,6614.21,135.65,0.171574,39.65
0,81285,3287,3922,29155,1696,6615,43938,267,2389,29406,2234,6203,80589,8215,549,3544,60,104,9241,131,8271,57786,4365,914,11811,191,2129,11658,578,14995,83206,1201,6758.91,1.0,138.56,1.0,40.13,0.5,0.173887,1.0,1585266662.0,6767.29,138.61,0.17391,40.28,6810.81,139.11,0.173988,40.65,6287.8,130.29,0.173276,37.89
0,81285,3287,3922,29155,1696,6615,43938,267,2389,29406,2234,6203,80589,8215,549,3544,60,104,9241,131,8271,57786,4365,914,11811,191,2129,11658,578,14995,83206,1201,6767.29,1.0,138.61,0.0,40.28,0.0,0.17391,1.0,1585266971.0,6765.56,138.77,0.174144,40.38,6813.32,139.29,0.17382,40.76,6397.83,131.64,0.174147,38.1
0,81285,3287,3922,29155,1696,6615,43938,267,2389,29406,2234,6203,80589,8215,549,3544,60,104,9241,131,8271,57786,4365,914,11811,191,2129,11658,578,14995,83206,1201,6765.56,1.0,138.77,1.0,40.38,0.0,0.174144,1.0,1585267270.0,6784.95,139.0,0.174416,40.39,6804.51,139.06,0.173595,40.68,6403.78,131.65,0.173807,38.07
0,81285,3287,3922,29155,1696,6615,43938,267,2389,29406,2234,6203,80589,8215,549,3544,60,104,9241,131,8271,57786,4365,914,11811,191,2129,11658,578,14995,83206,1201,6784.95,1.0,139.0,1.0,40.39,1.0,0.174416,1.0,1585267580.0,6784.95,140.04,0.17868,40.39,6794.52,138.82,0.17361,40.6,6318.32,130.39,0.171275,37.8
0,81285,3287,3922,29155,1696,6615,43938,267,2389,29406,2234,6203,80589,8215,549,3544,60,104,9241,131,8271,57786,4365,914,11811,191,2129,11658,578,15461,83672,1209,6784.95,1.0,140.04,1.0,40.39,1.0,0.17868,1.0,1585267874.0,6821.74,140.47,0.179232,40.76,6813.51,139.38,0.17424,40.72,6278.61,128.86,0.169361,37.29
0,81285,3287,3922,29155,1696,6615,43938,267,2389,29406,2234,6203,80589,8215,549,3544,60,104,9241,131,8271,57786,4365,914,11811,191,2129,11658,578,15461,83672,1209,6821.74,1.0,140.47,1.0,40.76,1.0,0.179232,1.0,1585268172.0,6821.62,140.67,0.176049,40.76,6796.09,139.12,0.174161,40.62,6294.39,129.02,0.169552,37.31
0,81285,3287,3922,29155,1696,6615,43938,267,2389,29406,2234,6203,80589,8215,549,3544,60,104,9241,131,8271,57786,4365,914,11811,191,2129,11658,578,16991,85202,1290,6821.62,1.0,140.67,1.0,40.76,1.0,0.176049,1.0,1585268462.0,6840.59,141.18,0.176641,40.91,6795.94,139.07,0.174476,40.68,6283.46,129.31,0.169384,37.37
0,81285,3287,3922,29155,1696,6615,43938,267,2389,29406,2234,6203,80589,8215,549,3544,60,104,9241,131,8271,57786,4365,914,11811,191,2129,11658,578,16991,85202,1290,6840.59,1.0,141.18,1.0,40.91,1.0,0.176641,1.0,1585268766.0,6865.07,141.18,0.176924,41.04,6795.42,139.02,0.174231,40.68,6308.38,129.63,0.170776,37.43
0,81285,3287,3922,29155,1696,6615,43938,267,2389,29406,2234,6203,80589,8215,549,3544,60,104,9241,131,8271,57786,4365,914,11811,191,2129,11658,578,17057,85268,1293,6865.07,1.0,141.18,1.0,41.04,1.0,0.176924,1.0,1585269073.0,6854.72,140.2,0.176325,41.08,6790.75,138.86,0.173872,40.6,6284.06,128.89,0.169375,37.2
0,81285,3287,3922,29155,1696,6615,43938,267,2389,29406,2234,6203,80589,8215,549,3544,60,104,9241,131,8271,57786,4365,914,11811,191,2129,11658,578,17057,85268,1293,6854.72,1.0,140.2,1.0,41.08,1.0,0.176325,1.0,1585269375.0,6804.53,139.29,0.174755,40.68,6789.27,138.91,0.173674,40.53,6270.19,128.41,0.169441,37.1
0,81285,3287,3922,29155,1696,6615,43938,267,2389,29406,2234,6203,80589,8215,549,3544,60,104,9241,131,8271,57786,4365,914,11811,191,2129,11658,578,17057,85268,1293,6804.53,1.0,139.29,1.0,40.68,1.0,0.174755,1.0,1585269671.0,6780.01,138.65,0.173693,40.52,6789.49,138.89,0.173163,40.22,6307.38,129.2,0.170613,37.59
0,81285,3287,3922,29155,1696,6615,43938,267,2389,29406,2234,6203,80589,8215,549,3544,60,104,9241,131,8271,57786,4365,914,11811,191,2129,11658,578,17057,85268,1293,6780.01,1.0,138.65,1.0,40.52,1.0,0.173693,1.0,1585269969.0,6810.81,139.11,0.173988,40.65,6758.72,138.29,0.174369,39.93,6277.42,129.43,0.172016,37.57
0,81285,3287,3922,29155,1696,6615,43938,267,2389,29406,2234,6203,80589,8215,549,3544,60,104,9241,131,8271,57786,4365,914,11811,191,2129,11658,578,17057,85268,1293,6810.81,1.0,139.11,1.0,40.65,1.0,0.173988,0.5,1585270267.0,6813.32,139.29,0.17382,40.76,6775.83,138.35,0.172488,40.0,6310.89,129.69,0.171481,37.66
0,81285,3287,3922,29155,1696,6615,43938,267,2389,29406,2234,6203,80589,8215,549,3544,60,104,9241,131,8271,57786,4365,914,11811,191,2129,11658,578,17057,85268,1293,6813.32,1.0,139.29,1.0,40.76,1.0,0.17382,1.0,1585270570.0,6804.51,139.06,0.173595,40.68,6771.53,138.25,0.172355,40.01,6328.84,129.97,0.172114,37.89
55,81340,3292,3922,29155,1696,6615,43938,267,2389,29406,2234,6203,80589,8215,549,3544,60,104,9241,131,8271,57786,4365,914,11811,191,2129,11658,578,17057,85268,1293,6804.51,1.0,139.06,1.0,40.68,1.0,0.173595,1.0,1585270867.0,6794.52,138.82,0.17361,40.6,6801.27,138.88,0.173409,40.32,6330.62,130.11,0.172432,37.93
55,81340,3292,3922,29155,1696,6615,43938,267,2389,29406,2234,6203,80589,8215,549,3544,60,104,9241,131,8271,57786,4365,914,11811,191,2129,11658,578,17057,85268,1293,6794.52,1.0,138.82,1.0,40.6,1.0,0.17361,1.0,1585271158.0,6813.51,139.38,0.17424,40.72,6809.34,138.9,0.173027,40.41,6322.77,129.74,0.17215,37.85
55,81340,3292,3922,29155,1696,6615,43938,267,2389,29406,2234,6203,80589,8215,549,3544,60,104,9241,131,8271,57786,4365,914,11811,191,2129,11658,578,17069,85280,1293,6813.51,1.0,139.38,1.0,40.72,1.0,0.17424,1.0,1585271466.0,6796.09,139.12,0.174161,40.62,6803.88,138.98,0.172929,40.37,6295.04,129.14,0.171336,37.77
55,81340,3292,3922,29155,1696,6615,43938,267,2389,29406,2234,6203,80589,8215,549,3544,60,104,9241,131,8271,57786,4365,914,11811,191,2129,11658,578,17069,85280,1293,6796.09,1.0,139.12,1.0,40.62,1.0,0.174161,1.0,1585271765.0,6795.94,139.07,0.174476,40.68,6787.15,138.69,0.172715,40.24,6302.57,129.46,0.17098,37.7
55,81340,3292,3922,29155,1696,6615,43938,267,2389,29406,2234,6203,80589,8215,549,3544,60,104,9241,131,8271,57786,4365,914,11811,191,2129,11658,578,17166,85377,1295,6795.94,1.0,139.07,1.0,40.68,1.0,0.174476,1.0,1585272065.0,6795.42,139.02,0.174231,40.68,6782.81,138.48,0.172453,40.25,6282.62,129.48,0.171484,37.71
55,81340,3292,3922,29155,1696,6615,43938,267,2389,29406,2234,6203,80589,8215,549,3544,60,104,9241,131,8271,57786,4365,914,11811,191,2129,11658,578,17166,85377,1295,6795.42,1.0,139.02,1.0,40.68,1.0,0.174231,1.0,1585272366.0,6790.75,138.86,0.173872,40.6,6787.8,138.75,0.172505,40.39,6291.2,129.5,0.171848,37.72
55,81340,3292,3922,29155,1696,6615,43938,267,2389,29406,2234,6203,80589,8215,549,3544,60,104,9241,131,8271,57786,4365,914,11811,191,2129,11658,578,17166,85377,1295,6790.75,1.0,138.86,1.0,40.6,1.0,0.173872,1.0,1585272665.0,6789.27,138.91,0.173674,40.53,6791.7,138.75,0.172544,40.49,6315.07,129.47,0.171937,37.66
55,81340,3292,3922,29155,1696,6615,43938,267,2389,29406,2234,6203,80589,8215,549,3544,60,104,9241,131,8271,57786,4365,914,11811,191,2129,11658,578,17166,85377,1295,6789.27,1.0,138.91,1.0,40.53,1.0,0.173674,1.0,1585272960.0,6789.49,138.89,0.173163,40.22,6793.85,138.96,0.17246,40.52,6290.57,129.36,0.171851,37.58
55,81340,3292,3922,29155,1696,6615,43938,267,2389,29406,2234,6203,80589,8215,549,3544,60,104,9241,131,8271,57786,4365,914,11811,191,2129,11658,578,17166,85377,1295,6789.49,1.0,138.89,1.0,40.22,1.0,0.173163,1.0,1585273269.0,6758.72,138.29,0.174369,39.93,6769.79,138.67,0.172014,40.38,6287.69,129.34,0.171501,37.5
55,81340,3292,3922,29155,1696,6615,43938,267,2389,29406,2234,6203,80589,8215,549,3544,60,104,9241,131,8271,57786,4365,914,11811,191,2129,11658,578,17166,85377,1295,6758.72,1.0,138.29,1.0,39.93,1.0,0.174369,1.0,1585273566.0,6775.83,138.35,0.172488,40.0,6768.11,138.53,0.171943,40.39,6298.98,129.49,0.171364,37.53
55,81340,3292,3922,29155,1696,6615,43938,267,2389,29406,2234,6203,80589,8215,549,3544,60,104,9241,131,8271,57786,4365,914,11811,191,2129,11658,578,17166,85377,1295,6775.83,1.0,138.35,1.0,40.0,1.0,0.172488,1.0,1585273865.0,6771.53,138.25,0.172355,40.01,6766.77,138.8,0.172325,40.42,6309.59,129.38,0.170949,37.49
55,81340,3292,3922,29155,1696,6615,43938,267,2389,29406,2234,6203,80589,8215,549,3544,60,104,9241,131,8271,57786,4365,914,11811,191,2129,11658,578,17166,85377,1295,6771.53,1.0,138.25,1.0,40.01,1.0,0.172355,1.0,1585274170.0,6801.27,138.88,0.173409,40.32,6785.65,138.95,0.172601,40.54,6286.08,129.31,0.17091,37.46
55,81340,3292,3922,29155,1696,6615,43938,267,2389,29406,2234,6203,80589,8215,549,3544,60,104,9241,131,8271,57786,4365,914,11811,192,2129,11658,578,17166,85377,1295,6801.27,1.0,138.88,1.0,40.32,1.0,0.173409,1.0,1585274465.0,6809.34,138.9,0.173027,40.41,6794.07,139.09,0.17256,40.67,6287.03,129.4,0.170678,37.48
55,81340,3292,3922,29155,1696,6615,43938,267,2389,29406,2234,6203,80589,8215,549,3544,60,104,9241,131,8271,57786,4365,914,11811,192,2129,11658,578,17166,85377,1295,6809.34,1.0,138.9,1.0,40.41,1.0,0.173027,1.0,1585274759.0,6803.88,138.98,0.172929,40.37,6794.07,139.25,0.172714,40.73,6290.65,129.1,0.169629,37.39
55,81340,3292,3922,29155,1696,6615,43938,267,2389,29406,2234,6203,80589,8215,549,3544,60,104,9241,131,8271,57786,4365,914,11811,192,2129,11658,578,17166,85377,1295,6803.88,1.0,138.98,1.0,40.37,1.0,0.172929,1.0,1585275065.0,6787.15,138.69,0.172715,40.24,6803.38,139.42,0.172938,40.76,6273.06,128.75,0.169826,37.27
55,81340,3292,3922,29155,1696,6615,43938,267,2389,29406,2234,6203,80589,8215,549,3544,60,104,9241,131,8271,57786,4365,914,11811,192,2129,11658,578,17166,85377,1295,6787.15,1.0,138.69,1.0,40.24,1.0,0.172715,1.0,1585275371.0,6782.81,138.48,0.172453,40.25,6802.36,139.4,0.172222,40.44,6289.84,129.13,0.170504,37.39
55,81340,3292,3922,29155,1696,6615,43938,267,2389,29406,2234,6203,80589,8215,549,3544,60,104,9241,131,8271,57786,4365,914,11811,192,2129,11658,578,17166,85377,1295,6782.81,1.0,138.48,1.0,40.25,1.0,0.172453,1.0,1585275667.0,6787.8,138.75,0.172505,40.39,6782.42,138.89,0.172321,40.44,6304.19,129.59,0.171045,37.57
55,81340,3292,3922,29155,1696,6615,43938,267,2389,29406,2234,6203,80589,8215,549,3544,60,104,9241,131,8271,57786,4365,914,11811,192,2129,11658,578,17166,85377,1295,6787.8,1.0,138.75,1.0,40.39,1.0,0.172505,1.0,1585275969.0,6791.7,138.75,0.172544,40.49,6783.14,138.97,0.172416,40.47,6301.49,129.52,0.171087,37.57
55,81340,3292,3922,29155,1696,6615,43938,267,2389,29406,2234,6203,80589,8215,549,3544,60,104,9241,131,8271,57786,4365,914,11811,192,2129,11658,578,17179,85390,1295,6791.7,1.0,138.75,1.0,40.49,1.0,0.172544,1.0,1585276269.0,6793.85,138.96,0.17246,40.52,6789.61,139.09,0.172702,40.51,6285.65,129.63,0.171195,37.58
55,81340,3292,3922,29155,1696,6615,43938,267,2389,29406,2234,6203,80589,8215,549,3544,60,104,9241,131,8271,57786,4365,914,11811,192,2129,11658,578,17179,85390,1295,6793.85,1.0,138.96,1.0,40.52,1.0,0.17246,1.0,1585276567.0,6769.79,138.67,0.172014,40.38,6798.03,139.26,0.172702,40.56,6280.45,129.54,0.170964,37.54
55,81340,3292,3922,29155,1696,6615,43938,267,2389,29406,2234,6203,80589,8215,549,3544,60,104,9241,131,8271,57786,4365,914,11811,192,2129,11658,578,17224,85435,1295,6769.79,1.0,138.67,1.0,40.38,1.0,0.172014,1.0,1585276861.0,6768.11,138.53,0.171943,40.39,6802.81,139.36,0.173119,40.63,6280.62,129.31,0.171091,37.49
55,81340,3292,3922,29155,1696,6615,43938,267,2389,29406,2234,6203,80589,8215,549,3544,60,104,9241,131,8271,57786,4365,914,11811,192,2129,11658,578,17224,85435,1295,6768.11,1.0,138.53,1.0,40.39,1.0,0.171943,1.0,1585277163.0,6766.77,138.8,0.172325,40.42,6799.03,139.3,0.173114,40.58,6284.43,129.36,0.171811,37.49
55,81340,3292,0,29155,1696,0,43938,267,0,29406,2234,0,80589,8215,0,3544,60,91,9332,139,0,57786,4365,0,11811,192,0,11658,578,0,85435,1295,6766.77,1.0,138.8,1.0,40.42,1.0,0.172325,1.0,1585277457.0,6785.65,138.95,0.172601,40.54,6792.25,139.18,0.173043,40.53,6266.45,129.37,0.171778,37.5
55,81340,3292,0,29155,1696,0,43938,267,0,29406,2234,0,80589,8215,0,3544,60,91,9332,139,0,57786,4365,0,11811,192,0,11658,578,0,85435,1295,6785.65,1.0,138.95,1.0,40.54,1.0,0.172601,1.0,1585277758.0,6794.07,139.09,0.17256,40.67,6809.86,139.51,0.173477,40.64,6267.34,129.35,0.171069,37.52
55,81340,3292,0,29155,1696,0,43938,267,0,29406,2234,0,80589,8215,0,3544,60,91,9332,139,0,57786,4365,0,11811,192,0,11658,578,85,85520,1297,6794.07,1.0,139.09,1.0,40.67,1.0,0.17256,1.0,1585278058.0,6794.07,139.25,0.172714,40.73,6803.81,139.47,0.173306,40.64,6263.85,129.29,0.171058,37.51
55,81340,3292,0,29155,1696,0,43938,267,0,29406,2234,0,80589,8215,0,3544,60,91,9332,139,0,57786,4365,0,11811,192,0,11658,578,85,85520,1297,6794.07,1.0,139.25,1.0,40.73,1.0,0.172714,1.0,1585278359.0,6803.38,139.42,0.172938,40.76,6801.36,139.41,0.173647,40.64,6262.71,129.23,0.17094,37.49
55,81340,3292,0,29155,1696,0,43938,267,0,29406,2234,0,80589,8215,0,3544,60,91,9332,139,0,57786,4365,0,11811,192,0,11658,578,159,85594,1300,6803.38,1.0,139.42,1.0,40.76,1.0,0.172938,1.0,1585278663.0,6802.36,139.4,0.172222,40.44,6822.19,140.04,0.173877,40.79,6263.81,128.85,0.170363,37.36
55,81340,3292,0,29155,1696,0,43938,267,0,29406,2234,0,80589,8215,0,3544,60,91,9332,139,0,57786,4365,0,11811,192,0,11658,578,159,85594,1300,6802.36,1.0,139.4,1.0,40.44,1.0,0.172222,1.0,1585278964.0,6782.42,138.89,0.172321,40.44,6825.23,140.39,0.173897,40.79,6267.33,128.89,0.17044,37.37
55,81340,3292,0,29155,1696,0,43938,267,0,29406,2234,0,80589,8215,0,3544,60,91,9332,139,0,57786,4365,0,11811,192,0,11658,578,159,85594,1300,6782.42,1.0,138.89,1.0,40.44,1.0,0.172321,1.0,1585279265.0,6783.14,138.97,0.172416,40.47,6823.45,140.39,0.173775,40.8,6212.22,128.08,0.168967,37.11
55,81340,3292,0,29155,1696,0,43938,267,0,29406,2234,0,80589,8215,0,3544,60,91,9332,139,0,57786,4365,0,11811,192,0,11658,578,159,85594,1300,6783.14,1.0,138.97,1.0,40.47,1.0,0.172416,1.0,1585279564.0,6789.61,139.09,0.172702,40.51,6825.67,140.25,0.173806,40.8,6200.15,127.69,0.168806,37.07
55,81340,3292,0,29155,1696,0,43938,267,0,29406,2234,0,80589,8215,0,3544,60,91,9332,139,0,57786,4365,0,11811,192,0,11658,578,159,85594,1300,6789.61,1.0,139.09,1.0,40.51,1.0,0.172702,1.0,1585279867.0,6798.03,139.26,0.172702,40.56,6827.73,140.12,0.173161,40.75,6211.3,128.0,0.169313,37.18
55,81340,3292,0,29155,1696,0,43938,267,0,29406,2234,0,80589,8215,0,3544,60,91,9332,139,0,57786,4365,0,11811,192,0,11658,578,159,85594,1300,6798.03,1.0,139.26,1.0,40.56,1.0,0.172702,1.0,1585280211.0,6802.81,139.36,0.173119,40.63,6805.04,139.63,0.172975,40.63,6188.21,127.74,0.167444,36.82
55,81340,3292,0,29155,1696,0,43938,267,0,29406,2234,0,80589,8215,0,3544,60,91,9332,139,0,57786,4365,0,11811,192,0,11658,578,159,85594,1300,6802.81,1.0,139.36,1.0,40.63,1.0,0.173119,1.0,1585280469.0,6799.03,139.3,0.173114,40.58,6790.61,139.22,0.172954,40.53,6133.45,125.95,0.167332,36.79
55,81340,3292,0,29155,1696,0,43938,267,0,29406,2234,0,80589,8215,0,3544,60,91,9332,139,0,57786,4365,0,11811,192,0,11658,578,159,85594,1300,6799.03,1.0,139.3,1.0,40.58,1.0,0.173114,1.0,1585280768.0,6792.25,139.18,0.173043,40.53,6780.33,138.95,0.172318,40.44,6135.25,126.06,0.168157,36.86
55,81340,3292,0,29155,1696,0,43938,267,0,29406,2234,0,80589,8215,0,3544,60,91,9332,139,0,57786,4365,0,11811,192,0,11658,578,159,85594,1300,6792.25,1.0,139.18,1.0,40.53,1.0,0.173043,1.0,1585281062.0,6809.86,139.51,0.173477,40.64,6783.62,139.03,0.17217,40.47,6128.48,126.19,0.168344,36.94
55,81340,3292,0,29155,1696,0,43938,267,0,29406,2234,0,80589,8215,0,3544,60,91,9332,139,0,57786,4365,0,11811,192,0,11658,578,159,85594,1300,6809.86,1.0,139.51,1.0,40.64,1.0,0.173477,1.0,1585281370.0,6803.81,139.47,0.173306,40.64,6779.63,138.95,0.172133,40.45,6135.54,126.35,0.168505,37.02
55,81340,3292,0,29155,1696,0,43938,267,0,29406,2234,0,80589,8215,0,3544,60,91,9332,139,0,57786,4365,0,11811,192,0,11658,578,159,85594,1300,6803.81,1.0,139.47,1.0,40.64,1.0,0.173306,1.0,1585281666.0,6801.36,139.41,0.173647,40.64,6772.3,138.99,0.172126,40.49,6130.18,126.28,0.16869,37.01
55,81340,3292,0,29155,1696,0,43938,267,0,29406,2234,0,80589,8215,0,3544,60,91,9332,139,0,57786,4365,0,11811,192,0,11658,578,159,85594,1300,6801.36,1.0,139.41,1.0,40.64,1.0,0.173647,1.0,1585281966.0,6822.19,140.04,0.173877,40.79,6761.65,138.89,0.171861,40.41,6121.08,126.08,0.168494,36.98
55,81340,3292,0,29155,1696,0,43938,267,0,29406,2234,0,80589,8215,0,3544,60,91,9332,139,0,57786,4365,0,11811,192,0,11658,578,159,85594,1300,6822.19,1.0,140.04,1.0,40.79,1.0,0.173877,1.0,1585282266.0,6825.23,140.39,0.173897,40.79,6635.53,137.02,0.169457,39.71,6124.1,126.12,0.168515,37.01
55,81340,3292,0,29155,1696,0,43938,267,0,29406,2234,0,80589,8215,0,3544,60,91,9332,139,0,57786,4365,0,11811,192,0,11658,578,159,85594,1300,6825.23,1.0,140.39,1.0,40.79,1.0,0.173897,1.0,1585282570.0,6823.45,140.39,0.173775,40.8,6643.17,136.82,0.171961,39.77,6144.92,126.64,0.169433,37.23
55,81340,3292,0,29155,1696,0,43938,267,0,29406,2234,0,80589,8215,0,3544,60,91,9332,139,0,57786,4365,0,11811,192,0,11658,578,159,85594,1300,6823.45,1.0,140.39,1.0,40.8,1.0,0.173775,1.0,1585282870.0,6825.67,140.25,0.173806,40.8,6688.05,137.48,0.170217,39.98,6175.24,126.71,0.16948,37.23
55,81340,3292,0,29155,1696,0,43938,267,0,29406,2234,0,80589,8215,0,3544,60,91,9332,139,0,57786,4365,0,11811,192,0,11658,578,159,85594,1300,6825.67,1.0,140.25,1.0,40.8,1.0,0.173806,1.0,1585283168.0,6827.73,140.12,0.173161,40.75,6685.41,137.31,0.170183,40.0,6157.34,126.88,0.169686,37.25
55,81340,3292,0,29155,1696,0,43938,267,0,29406,2234,0,80589,8215,0,3544,60,91,9332,139,0,57786,4365,0,11811,192,0,11658,578,159,85594,1300,6827.73,1.0,140.12,1.0,40.75,1.0,0.173161,1.0,1585283471.0,6805.04,139.63,0.172975,40.63,6676.73,137.22,0.17013,39.97,6156.74,127.13,0.169736,37.23
55,81340,3292,0,29155,1696,0,43938,267,0,29406,2234,0,80589,8215,0,3544,60,91,9332,139,0,57786,4365,0,11811,192,0,11658,578,159,85594,1300,6805.04,1.0,139.63,1.0,40.63,1.0,0.172975,1.0,1585283762.0,6790.61,139.22,0.172954,40.53,6682.53,137.42,0.170326,40.03,6157.46,127.69,0.169771,37.27
55,81340,3292,0,29155,1696,0,43938,267,0,29406,2234,0,80589,8215,0,3544,60,91,9332,139,0,57786,4365,0,11811,192,0,11658,578,159,85594,1300,6790.61,1.0,139.22,1.0,40.53,1.0,0.172954,1.0,1585284072.0,6780.33,138.95,0.172318,40.44,6693.8,137.59,0.170691,40.08,6241.88,128.74,0.171316,37.53
55,81340,3292,0,29155,1696,0,43938,267,0,29406,2234,0,80589,8215,0,3544,60,91,9332,139,0,57786,4365,0,11811,192,0,11658,578,159,85594,1300,6780.33,1.0,138.95,1.0,40.44,1.0,0.172318,1.0,1585284366.0,6783.62,139.03,0.17217,40.47,6694.7,137.55,0.170322,40.15,6223.42,128.64,0.170525,37.46
55,81340,3292,0,29155,1696,0,43938,267,0,29406,2234,0,80589,8215,0,3544,60,91,9332,139,0,57786,4365,0,11811,192,0,11658,578,159,85594,1300,6783.62,1.0,139.03,1.0,40.47,1.0,0.17217,1.0,1585284663.0,6779.63,138.95,0.172133,40.45,6677.0,137.17,0.170242,40.1,6203.38,128.41,0.169921,37.37
55,81340,3292,0,29155,1696,0,43938,267,0,29406,2234,0,80589,8215,0,3544,60,91,9332,139,0,57786,4365,0,11811,192,0,11658,578,159,85594,1300,6779.63,1.0,138.95,1.0,40.45,1.0,0.172133,1.0,1585284966.0,6772.3,138.99,0.172126,40.49,6673.44,137.2,0.170155,40.13,6208.45,128.45,0.170291,37.46
55,81340,3292,0,29155,1696,0,43938,267,0,29406,2234,0,80589,8215,0,3544,60,91,9332,139,0,57786,4365,0,11811,192,0,11658,578,159,85594,1300,6772.3,1.0,138.99,1.0,40.49,1.0,0.172126,1.0,1585285271.0,6761.65,138.89,0.171861,40.41,6647.49,136.56,0.169614,39.97,6175.81,128.25,0.170019,37.42
55,81340,3292,0,29155,1696,0,43938,267,0,29406,2234,0,80589,8215,0,3544,60,91,9332,139,0,57786,4365,0,11811,192,0,11658,578,159,85594,1300,6761.65,1.0,138.89,1.0,40.41,1.0,0.171861,1.0,1585285564.0,6635.53,137.02,0.169457,39.71,6666.96,136.95,0.169667,40.11,6178.07,128.01,0.169373,37.36
55,81340,3292,0,29155,1696,0,43938,267,0,29406,2234,0,80589,8215,0,3544,60,91,9332,139,0,57786,4365,0,11811,192,0,11658,578,159,85594,1300,6635.53,1.0,137.02,1.0,39.71,1.0,0.169457,1.0,1585285872.0,6643.17,136.82,0.171961,39.77,6674.43,137.22,0.169667,40.15,6164.81,128.07,0.169295,37.45
55,81340,3292,0,29155,1696,0,43938,267,0,29406,2234,0,80589,8215,0,3544,60,91,9332,139,0,57786,4365,0,11811,192,0,11658,578,159,85594,1300,6643.17,1.0,136.82,1.0,39.77,1.0,0.171961,1.0,1585286178.0,6688.05,137.48,0.170217,39.98,6674.19,137.27,0.170048,40.15,6172.76,128.09,0.169212,37.53
55,81340,3292,0,29155,1696,0,43938,267,0,29406,2234,0,80589,8215,0,3544,60,91,9332,139,0,57786,4365,0,11811,192,0,11658,578,159,85594,1300,6688.05,0.0,137.48,1.0,39.98,1.0,0.170217,1.0,1585286477.0,6685.41,137.31,0.170183,40.0,6676.14,137.34,0.170197,40.17,6190.47,128.08,0.169858,37.56
55,81340,3292,0,29155,1696,0,43938,267,0,29406,2234,0,80589,8215,0,3544,60,91,9332,139,0,57786,4365,0,11811,192,0,11658,578,159,85594,1300,6685.41,1.0,137.31,1.0,40.0,1.0,0.170183,1.0,1585286777.0,6676.73,137.22,0.17013,39.97,6676.24,137.44,0.170245,40.17,6184.45,128.28,0.169889,37.58
55,81340,3292,0,29155,1696,0,43938,267,0,29406,2234,0,80589,8215,0,3544,60,91,9332,139,0,57786,4365,0,11811,192,0,11658,578,159,85594,1300,6676.73,1.0,137.22,1.0,39.97,1.0,0.17013,1.0,1585287083.0,6682.53,137.42,0.170326,40.03,6680.76,137.54,0.170804,40.23,6210.6,128.4,0.169988,37.57
55,81340,3292,0,29155,1696,0,43938,267,0,29406,2234,0,80589,8215,0,3544,60,91,9332,139,0,57786,4365,0,11811,192,0,11658,578,159,85594,1300,6682.53,1.0,137.42,1.0,40.03,1.0,0.170326,1.0,1585287376.0,6693.8,137.59,0.170691,40.08,6695.91,137.72,0.170772,40.28,6211.7,128.43,0.170043,37.58
55,81340,3292,0,29155,1696,0,43938,267,0,29406,2234,0,80589,8215,0,3544,60,91,9332,139,0,57786,4365,0,11811,192,0,11658,578,159,85594,1300,6693.8,1.0,137.59,1.0,40.08,1.0,0.170691,1.0,1585287689.0,6694.7,137.55,0.170322,40.15,6700.2,137.64,0.170693,40.26,6198.08,128.12,0.169691,37.53
55,81340,3292,0,29155,1696,0,43938,267,0,29406,2234,0,80589,8215,0,3544,60,91,9332,139,0,57786,4365,0,11811,192,0,11658,578,159,85594,1300,6694.7,1.0,137.55,1.0,40.15,1.0,0.170322,1.0,1585287980.0,6677.0,137.17,0.170242,40.1,6696.32,137.57,0.170607,40.23,6197.38,128.1,0.169687,37.53
55,81340,3292,0,29155,1696,0,43938,267,0,29406,2234,0,80589,8215,0,3544,60,91,9332,139,0,57786,4365,0,11811,192,0,11658,578,159,85594,1300,6677.0,1.0,137.17,1.0,40.1,1.0,0.170242,1.0,1585288271.0,6673.44,137.2,0.170155,40.13,6693.91,137.57,0.170372,40.17,6183.92,127.84,0.169408,37.46
55,81340,3292,0,29155,1696,0,43938,267,0,29406,2234,0,80589,8215,0,3544,60,91,9332,139,0,57786,4365,0,11811,192,0,11658,578,159,85594,1300,6673.44,1.0,137.2,1.0,40.13,1.0,0.170155,1.0,1585288577.0,6647.49,136.56,0.169614,39.97,6688.09,137.38,0.170148,40.12,6170.29,128.11,0.169526,37.52
55,81340,3292,0,29155,1696,0,43938,267,0,29406,2234,0,80589,8215,0,3544,60,91,9332,139,0,57786,4365,0,11811,192,0,11658,578,159,85594,1300,6647.49,1.0,136.56,1.0,39.97,1.0,0.169614,1.0,1585288880.0,6666.96,136.95,0.169667,40.11,6688.48,137.25,0.170109,40.03,6201.56,128.38,0.169859,37.61
55,81340,3292,0,29155,1696,0,43938,267,0,29406,2234,0,80589,8215,0,3544,60,91,9332,139,0,57786,4365,0,11811,192,0,11658,578,159,85594,1300,6666.96,1.0,136.95,1.0,40.11,1.0,0.169667,1.0,1585289174.0,6674.43,137.22,0.169667,40.15,6688.24,137.28,0.16981,40.05,6191.81,128.18,0.169558,37.55
55,81340,3292,0,29155,1696,0,43938,267,0,29406,2234,0,80589,8215,0,3544,60,91,9332,139,0,57786,4365,0,11811,192,0,11658,578,159,85594,1300,6674.43,1.0,137.22,1.0,40.15,1.0,0.169667,1.0,1585289476.0,6674.19,137.27,0.170048,40.15,6700.74,137.39,0.170107,40.18,6175.3,127.76,0.169451,37.45
55,81340,3292,0,29155,1696,0,43938,267,0,29406,2234,0,80589,8215,0,3544,60,91,9332,139,0,57786,4365,0,11811,192,0,11658,578,159,85594,1300,6674.19,1.0,137.27,1.0,40.15,1.0,0.170048,1.0,1585289776.0,6676.14,137.34,0.170197,40.17,6719.49,137.79,0.17065,40.29,6172.34,127.68,0.169261,37.43
55,81340,3292,0,29155,1696,0,43938,267,0,29406,2234,0,80589,8215,0,3544,60,91,9332,139,0,57786,4365,0,11811,192,0,11658,578,159,85594,1300,6676.14,1.0,137.34,1.0,40.17,1.0,0.170197,1.0,1585290081.0,6676.24,137.44,0.170245,40.17,6714.22,137.72,0.170749,40.28,6169.85,127.48,0.169066,37.42
55,81340,3292,0,29155,1696,0,43938,267,0,29406,2234,0,80589,8215,0,3544,60,91,9332,139,0,57786,4365,0,11811,192,0,11658,578,159,85594,1300,6676.24,1.0,137.44,1.0,40.17,1.0,0.170245,1.0,1585290386.0,6680.76,137.54,0.170804,40.23,6712.99,137.75,0.171056,40.36,6168.24,127.48,0.169274,37.43
55,81340,3292,0,29155,1696,0,43938,267,0,29406,2234,0,80589,8215,0,3544,60,91,9332,139,0,57786,4365,0,11811,192,0,11658,578,159,85594,1300,6680.76,1.0,137.54,1.0,40.23,1.0,0.170804,1.0,1585290676.0,6695.91,137.72,0.170772,40.28,6715.35,137.81,0.171231,40.43,6149.68,127.51,0.16945,37.45
55,81340,3292,0,29155,1696,0,43938,267,0,29406,2234,0,80589,8215,0,3544,60,91,9332,139,0,57786,4365,0,11811,192,0,11658,578,159,85594,1300,6695.91,1.0,137.72,1.0,40.28,1.0,0.170772,1.0,1585290971.0,6700.2,137.64,0.170693,40.26,6712.3,137.75,0.171286,40.45,6158.28,127.66,0.169601,37.5
55,81340,3292,0,29155,1696,0,43938,267,0,29406,2234,0,80589,8215,0,3544,60,91,9332,139,0,57786,4365,0,11811,192,0,11658,578,169,85604,1301,6700.2,1.0,137.64,1.0,40.26,1.0,0.170693,1.0,1585291272.0,6696.32,137.57,0.170607,40.23,6713.04,137.77,0.17132,40.43,6162.06,127.78,0.16982,37.57
55,81340,3292,0,29155,1696,0,43938,267,0,29406,2234,0,80589,8215,0,3544,60,91,9332,139,0,57786,4365,0,11811,192,0,11658,578,169,85604,1301,6696.32,1.0,137.57,1.0,40.23,1.0,0.170607,1.0,1585291568.0,6693.91,137.57,0.170372,40.17,6702.71,137.55,0.171143,40.34,6189.28,128.15,0.169684,37.65
55,81340,3292,0,29155,1696,0,43938,267,0,29406,2234,0,80589,8215,0,3544,60,91,9332,139,0,57786,4365,0,11811,192,0,11658,578,169,85604,1301,6693.91,0.0,137.57,1.0,40.17,1.0,0.170372,1.0,1585291859.0,6688.09,137.38,0.170148,40.12,6707.54,137.51,0.171235,40.28,6196.78,128.13,0.169519,37.63
55,81340,3292,0,29155,1696,0,43938,267,0,29406,2234,0,80589,8215,0,3544,60,91,9332,139,0,57786,4365,0,11811,192,0,11658,578,169,85604,1301,6688.09,1.0,137.38,1.0,40.12,1.0,0.170148,1.0,1585292166.0,6688.48,137.25,0.170109,40.03,6709.32,137.57,0.171282,40.32,6188.16,128.06,0.16948,37.58
55,81340,3292,0,29155,1696,0,43938,267,0,29406,2234,0,80589,8215,0,3544,60,91,9332,139,0,57786,4365,0,11811,192,0,11658,578,169,85604,1301,6688.48,1.0,137.25,1.0,40.03,1.0,0.170109,1.0,1585292461.0,6688.24,137.28,0.16981,40.05,6709.32,137.57,0.171282,40.32,6181.33,128.29,0.169611,37.64
55,81340,3292,0,29155,1696,0,43938,267,0,29406,2234,0,80589,8215,0,3544,60,91,9332,139,0,57786,4365,0,11811,192,0,11658,578,169,85604,1301,6688.24,1.0,137.28,1.0,40.05,1.0,0.16981,1.0,1585292757.0,6700.74,137.39,0.170107,40.18,6709.32,137.57,0.171282,40.32,6207.39,128.37,0.169918,37.69
55,81340,3292,0,29155,1696,0,43938,267,0,29406,2234,0,80589,8215,0,3544,60,91,9332,139,0,57786,4365,0,11811,192,0,11658,578,177,85612,1301,6700.74,1.0,137.39,1.0,40.18,1.0,0.170107,1.0,1585293069.0,6719.49,137.79,0.17065,40.29,6692.88,137.34,0.170834,40.26,6206.43,128.35,0.169911,37.7
55,81340,3292,0,29155,1696,0,43938,267,0,29406,2234,0,80589,8215,0,3544,60,91,9332,139,0,57786,4365,0,11811,192,0,11658,578,177,85612,1301,6719.49,1.0,137.79,1.0,40.29,1.0,0.17065,1.0,1585293364.0,6714.22,137.72,0.170749,40.28,6686.65,137.11,0.170562,40.24,6182.65,128.26,0.169955,37.7
55,81340,3292,0,29155,1696,3340,47278,281,0,29406,2234,0,80589,8215,0,3544,60,91,9332,139,0,57786,4365,0,11811,192,0,11658,578,177,85612,1301,6714.22,1.0,137.72,1.0,40.28,1.0,0.170749,1.0,1585293663.0,6712.99,137.75,0.171056,40.36,6693.53,137.18,0.170665,40.22,6214.89,128.48,0.170364,37.77
55,81340,3292,0,29155,1696,3340,47278,281,0,29406,2234,0,80589,8215,0,3544,60,91,9332,139,0,57786,4365,0,11811,192,0,11658,578,177,85612,1301,6712.99,1.0,137.75,1.0,40.36,1.0,0.171056,1.0,1585293965.0,6715.35,137.81,0.171231,40.43,6701.92,137.29,0.170785,40.38,6216.15,128.51,0.170381,37.77
55,81340,3292,0,29155,1696,3340,47278,281,0,29406,2234,0,80589,8215,0,3544,60,91,9332,139,0,57786,4365,0,11811,192,0,11658,578,177,85612,1301,6715.35,1.0,137.81,1.0,40.43,1.0,0.171231,1.0,1585294252.0,6712.3,137.75,0.171286,40.45,6697.47,137.17,0.170753,40.39,6182.87,128.25,0.170082,37.69
55,81340,3292,0,29155,1696,3340,47278,281,0,29406,2234,0,80589,8215,0,3544,60,91,9332,139,0,57786,4365,0,11811,192,0,11658,578,177,85612,1301,6712.3,1.0,137.75,1.0,40.45,1.0,0.171286,1.0,1585294565.0,6713.04,137.77,0.17132,40.43,6688.75,136.96,0.170345,40.31,6184.43,128.26,0.170103,37.72
55,81340,3292,0,29155,1696,3340,47278,281,0,29406,2234,0,80589,8215,0,3544,60,91,9332,139,0,57786,4365,0,11811,192,0,11658,578,177,85612,1301,6713.04,1.0,137.77,1.0,40.43,1.0,0.17132,1.0,1585294866.0,6702.71,137.55,0.171143,40.34,6682.84,136.83,0.170143,40.26,6193.46,128.39,0.170202,37.76
55,81340,3292,0,29155,1696,3340,47278,281,0,29406,2234,0,80589,8215,0,3544,60,91,9332,139,0,57786,4365,0,11811,192,0,11658,578,177,85612,1301,6702.71,1.0,137.55,1.0,40.34,1.0,0.171143,1.0,1585295163.0,6707.54,137.51,0.171235,40.28,6697.19,137.18,0.170571,40.34,6197.81,128.47,0.170323,37.79
55,81340,3292,0,29155,1696,3340,47278,281,0,29406,2234,0,80589,8215,0,3544,60,91,9332,139,0,57786,4365,0,11811,192,0,11658,578,177,85612,1301,6707.54,1.0,137.51,1.0,40.28,1.0,0.171235,1.0,1585295462.0,6709.32,137.57,0.171282,40.32,6698.14,137.18,0.170446,40.29,6197.33,128.49,0.1704,37.8
55,81340,3292,0,29155,1696,3340,47278,281,0,29406,2234,0,80589,8215,0,3544,60,91,9332,139,0,57786,4365,0,11811,192,0,11658,578,177,85612,1301,6709.32,1.0,137.57,1.0,40.32,1.0,0.171282,0.0,1585295757.0,6709.32,137.57,0.171282,40.32,6699.94,137.2,0.170426,40.15,6195.14,128.35,0.170334,37.75
55,81340,3292,0,29155,1696,3340,47278,281,0,29406,2234,0,80589,8215,0,3544,60,91,9332,139,0,57786,4365,0,11811,194,0,11658,578,177,85612,1301,6709.32,1.0,137.57,1.0,40.32,1.0,0.171282,1.0,1585296052.0,6709.32,137.57,0.171282,40.32,6674.81,136.65,0.169921,40.02,6190.06,128.25,0.170064,37.72
55,81340,3292,0,29155,1696,3340,47278,281,0,29406,2234,0,80589,8215,0,3544,60,91,9332,139,0,57786,4365,0,11811,194,0,11658,578,177,85612,1301,6709.32,1.0,137.57,1.0,40.32,1.0,0.171282,1.0,1585296355.0,6692.88,137.34,0.170834,40.26,6682.45,136.72,0.169904,40.04,6225.12,128.34,0.170135,37.76
55,81340,3292,0,29155,1696,3340,47278,281,0,29406,2234,0,80589,8215,0,3544,60,91,9332,139,0,57786,4365,0,11811,194,0,11658,578,177,85612,1301,6692.88,1.0,137.34,1.0,40.26,1.0,0.170834,1.0,1585296659.0,6686.65,137.11,0.170562,40.24,6689.58,136.85,0.169961,40.15,6271.83,129.36,0.171073,38.0
55,81340,3292,0,29155,1696,3340,47278,281,0,29406,2234,0,80589,8215,0,3544,60,91,9332,139,0,57786,4365,0,11811,194,0,11658,578,177,85612,1301,6686.65,1.0,137.11,1.0,40.24,1.0,0.170562,1.0,1585296958.0,6693.53,137.18,0.170665,40.22,6687.84,136.79,0.17015,40.18,6273.13,129.46,0.170944,38.01
55,81340,3292,0,29155,1696,3340,47278,281,0,29406,2234,0,80589,8215,0,3544,60,91,9332,139,0,57786,4365,0,11811,194,0,11658,578,177,85612,1301,6693.53,1.0,137.18,1.0,40.22,1.0,0.170665,1.0,1585297260.0,6701.92,137.29,0.170785,40.38,6688.75,136.78,0.170253,40.11,6251.33,129.23,0.170606,37.99
55,81340,3292,0,29155,1696,3340,47278,281,0,29406,2234,0,80589,8215,0,3544,60,91,9332,139,0,57786,4365,0,11811,194,0,11658,578,177,85612,1301,6701.92,1.0,137.29,1.0,40.38,1.0,0.170785,1.0,1585297562.0,6697.47,137.17,0.170753,40.39,6687.57,136.81,0.170248,40.15,6251.07,129.17,0.170472,37.99
55,81340,3292,0,29155,1696,3340,47278,281,0,29406,2234,0,80589,8215,0,3544,60,91,9332,139,0,57786,4365,0,11811,194,0,11658,578,177,85612,1301,6697.47,1.0,137.17,1.0,40.39,1.0,0.170753,1.0,1585297867.0,6688.75,136.96,0.170345,40.31,6687.87,136.91,0.170267,40.21,6250.05,128.99,0.17005,37.93
55,81340,3292,0,29155,1696,3340,47278,281,0,29406,2234,0,80589,8215,0,3544,60,91,9332,139,0,57786,4365,0,11811,194,0,11658,578,177,85612,1301,6688.75,1.0,136.96,1.0,40.31,1.0,0.170345,1.0,1585298160.0,6682.84,136.83,0.170143,40.26,6682.79,136.82,0.170154,40.16,6250.74,129.12,0.170044,37.93
55,81340,3292,0,29155,1696,3340,47278,281,0,29406,2234,0,80589,8215,0,3544,60,91,9332,139,0,57786,4365,0,11811,194,0,11658,578,177,85612,1301,6682.84,1.0,136.83,1.0,40.26,1.0,0.170143,1.0,1585298467.0,6697.19,137.18,0.170571,40.34,6680.44,136.76,0.170319,40.17,6285.3,129.57,0.170513,38.04
55,81340,3292,0,29155,1696,3340,47278,281,0,29406,2234,0,80589,8215,0,3544,60,91,9332,139,0,57786,4365,0,11811,194,0,11658,578,177,85612,1301,6697.19,1.0,137.18,1.0,40.34,1.0,0.170571,1.0,1585298769.0,6698.14,137.18,0.170446,40.29,6685.78,136.89,0.170349,40.23,6279.32,129.54,0.170943,38.01
55,81340,3292,0,29155,1696,3340,47278,281,0,29406,2234,0,80589,8215,0,3544,60,91,9332,139,0,57786,4365,0,11811,194,0,11658,578,177,85612,1301,6698.14,1.0,137.18,1.0,40.29,1.0,0.170446,1.0,1585299060.0,6699.94,137.2,0.170426,40.15,6684.15,136.87,0.170314,40.23,6259.61,129.42,0.170697,38.0
55,81340,3292,0,29155,1696,3340,47278,281,0,29406,2234,0,80589,8215,0,3544,60,91,9332,139,0,57786,4365,0,11811,194,0,11658,578,177,85612,1301,6699.94,1.0,137.2,1.0,40.15,1.0,0.170426,1.0,1585299367.0,6674.81,136.65,0.169921,40.02,6665.01,136.41,0.169852,40.05,6267.02,129.57,0.169969,37.99
55,81340,3292,0,29155,1696,3340,47278,281,0,29406,2234,0,80589,8215,0,3544,60,91,9332,139,0,57786,4365,0,11811,194,0,11658,578,177,85612,1301,6674.81,1.0,136.65,1.0,40.02,1.0,0.169921,1.0,1585299674.0,6682.45,136.72,0.169904,40.04,6655.83,136.18,0.169717,39.98,6270.34,129.65,0.170347,38.01
55,81340,3292,0,29155,1696,3340,47278,281,0,29406,2234,0,80589,8215,0,3544,60,91,9332,139,0,57786,4365,0,11811,194,0,11658,578,177,85612,1301,6682.45,1.0,136.72,1.0,40.04,1.0,0.169904,1.0,1585299955.0,6689.58,136.85,0.169961,40.15,6657.99,136.16,0.169652,39.9,6309.68,130.03,0.170311,38.13
55,81340,3292,0,29155,1696,3340,47278,281,0,29406,2234,0,80589,8215,0,3544,60,91,9332,139,0,57786,4365,0,11811,194,0,11658,578,177,85612,1301,6689.58,1.0,136.85,1.0,40.15,1.0,0.169961,0.0,1585300263.0,6687.84,136.79,0.17015,40.18,6649.78,135.92,0.169076,39.85,6309.59,130.02,0.169888,38.12
55,81340,3292,0,29155,1696,3340,47278,281,0,29406,2234,0,80589,8215,0,3544,60,91,9332,139,0,57786,4365,0,11811,194,0,11658,578,177,85612,1301,6687.84,1.0,136.79,1.0,40.18,1.0,0.17015,0.5,1585300568.0,6688.75,136.78,0.170253,40.11,6632.96,135.57,0.169137,39.76,6283.55,129.75,0.169634,38.06
55,81340,3292,0,29155,1696,3340,47278,281,0,29406,2234,0,80589,8215,0,3544,60,91,9332,139,0,57786,4365,0,11811,194,0,11658,578,177,85612,1301,6688.75,1.0,136.78,1.0,40.11,1.0,0.170253,0.0,1585300864.0,6687.57,136.81,0.170248,40.15,6633.18,135.49,0.169189,39.74,6289.52,129.46,0.169327,38.03
55,81340,3292,0,29155,1696,3340,47278,281,0,29406,2234,0,80589,8215,0,3544,60,91,9332,139,0,57786,4365,0,11811,194,0,11658,578,177,85612,1301,6687.57,1.0,136.81,1.0,40.15,1.0,0.170248,1.0,1585301151.0,6687.87,136.91,0.170267,40.21,6662.06,136.14,0.169624,39.87,6270.28,129.31,0.16919,38.03
55,81340,3292,0,29155,1696,3340,47278,281,0,29406,2234,0,80589,8215,0,3544,60,91,9332,139,0,57786,4365,0,11811,194,0,11658,578,177,85612,1301,6687.87,1.0,136.91,1.0,40.21,1.0,0.170267,0.0,1585301463.0,6682.79,136.82,0.170154,40.16,6668.54,136.14,0.169558,39.93,6275.77,129.4,0.169261,38.06
55,81340,3292,0,29155,1696,3340,47278,281,0,29406,2234,0,80589,8215,0,3544,60,91,9332,139,0,57786,4365,0,11811,194,0,11658,578,177,85612,1301,6682.79,1.0,136.82,1.0,40.16,1.0,0.170154,1.0,1585301754.0,6680.44,136.76,0.170319,40.17,6666.29,136.09,0.169564,39.94,6274.26,129.34,0.168771,38.06
55,81340,3292,0,29155,1696,3340,47278,281,0,29406,2234,0,80589,8215,0,3544,60,91,9332,139,0,57786,4365,0,11811,194,0,11658,578,177,85612,1301,6680.44,1.0,136.76,1.0,40.17,1.0,0.170319,1.0,1585302063.0,6685.78,136.89,0.170349,40.23,6671.48,136.18,0.169722,40.0,6267.79,129.18,0.168625,38.02
55,81340,3292,0,29155,1696,3340,47278,281,0,29406,2234,0,80589,8215,0,3544,60,91,9332,139,0,57786,4365,0,11811,194,0,11658,578,177,85612,1301,6685.78,1.0,136.89,1.0,40.23,1.0,0.170349,1.0,1585302363.0,6684.15,136.87,0.170314,40.23,6674.15,136.25,0.169789,40.01,6256.77,128.89,0.168354,37.94
55,81340,3292,0,29155,1696,3340,47278,281,2926,32332,2378,0,80589,8215,0,3544,60,91,9332,139,0,57786,4365,0,11811,194,0,11658,578,177,85612,1301,6684.15,1.0,136.87,1.0,40.23,1.0,0.170314,0.0,1585302656.0,6665.01,136.41,0.169852,40.05,6676.24,136.31,0.170054,40.07,6257.34,128.94,0.168407,37.95
55,81340,3292,0,29155,1696,3340,47278,281,2926,32332,2378,0,80589,8215,0,3544,60,91,9332,139,0,57786,4365,0,11811,194,0,11658,578,177,85612,1301,6665.01,1.0,136.41,1.0,40.05,1.0,0.169852,0.5,1585302963.0,6655.83,136.18,0.169717,39.98,6675.11,136.31,0.170111,40.07,6286.02,129.23,0.168798,38.03
55,81340,3292,0,29155,1696,3340,47278,281,2926,32332,2378,0,80589,8215,0,3544,60,91,9332,139,0,57786,4365,0,11811,194,0,11658,578,177,85612,1301,6655.83,1.0,136.18,1.0,39.98,1.0,0.169717,1.0,1585303265.0,6657.99,136.16,0.169652,39.9,6666.92,136.21,0.170014,40.02,6290.27,129.3,0.168745,38.09
55,81340,3292,0,29155,1696,3340,47278,281,2926,32332,2378,0,80589,8215,0,3544,60,91,9332,139,0,57786,4365,0,11811,194,0,11658,578,177,85612,1301,6657.99,1.0,136.16,1.0,39.9,1.0,0.169652,1.0,1585303556.0,6649.78,135.92,0.169076,39.85,6666.92,136.01,0.170113,40.02,6292.45,129.3,0.168747,38.09
55,81340,3292,0,29155,1696,3340,47278,281,2926,32332,2378,0,80589,8215,0,3544,60,91,9332,139,0,57786,4365,0,11811,194,0,11658,578,177,85612,1301,6649.78,1.0,135.92,1.0,39.85,1.0,0.169076,1.0,1585303867.0,6632.96,135.57,0.169137,39.76,6655.59,136.01,0.169986,39.91,6264.42,128.72,0.168509,37.92
55,81340,3292,0,29155,1696,3340,47278,281,2926,32332,2378,0,80589,8215,0,3544,60,91,9332,139,0,57786,4365,0,11811,194,0,11658,578,177,85612,1301,6632.96,1.0,135.57,1.0,39.76,1.0,0.169137,1.0,1585304169.0,6633.18,135.49,0.169189,39.74,6668.81,136.18,0.170383,39.97,6256.09,128.62,0.168467,37.94
55,81340,3292,0,29155,1696,3340,47278,281,2926,32332,2378,0,80589,8215,0,3544,60,91,9332,139,0,57786,4365,0,11811,194,0,11658,578,190,85625,1303,6633.18,1.0,135.49,1.0,39.74,1.0,0.169189,1.0,1585304472.0,6662.06,136.14,0.169624,39.87,6682.77,136.52,0.170951,40.08,6258.68,128.63,0.168497,37.97
55,81340,3292,0,29155,1696,3340,47278,281,2926,32332,2378,0,80589,8215,0,3544,60,91,9332,139,0,57786,4365,0,11811,194,0,11658,578,190,85625,1303,6662.06,1.0,136.14,1.0,39.87,1.0,0.169624,0.0,1585304764.0,6668.54,136.14,0.169558,39.93,6680.72,136.6,0.170849,40.07,6252.32,128.63,0.168714,38.01
55,81340,3292,0,29155,1696,3340,47278,281,2926,32332,2378,0,80589,8215,0,3544,60,91,9332,139,0,57786,4365,140,11951,197,0,11658,578,305,85740,1303,6668.54,1.0,136.14,1.0,39.93,1.0,0.169558,1.0,1585305069.0,6666.29,136.09,0.169564,39.94,6672.56,136.43,0.17071,39.97,6252.28,128.72,0.168711,38.02
55,81340,3292,0,29155,1696,3340,47278,281,2926,32332,2378,0,80589,8215,0,3544,60,91,9332,139,0,57786,4365,140,11951,197,0,11658,578,305,85740,1303,6666.29,1.0,136.09,1.0,39.94,1.0,0.169564,0.5,1585305368.0,6671.48,136.18,0.169722,40.0,6664.96,136.28,0.170639,39.95,6251.36,128.67,0.168941,37.99
55,81340,3292,0,29155,1696,3340,47278,281,2926,32332,2378,0,80589,8215,0,3544,60,91,9332,139,0,57786,4365,140,11951,197,0,11658,578,305,85740,1303,6671.48,1.0,136.18,1.0,40.0,1.0,0.169722,1.0,1585305670.0,6674.15,136.25,0.169789,40.01,6678.37,136.41,0.171262,40.06,6247.6,128.61,0.168905,37.96
55,81340,3292,0,29155,1696,3340,47278,281,2926,32332,2378,0,80589,8215,0,3544,60,91,9332,139,0,57786,4365,140,11951,197,0,11658,578,305,85740,1303,6674.15,1.0,136.25,1.0,40.01,1.0,0.169789,0.0,1585305968.0,6676.24,136.31,0.170054,40.07,6684.72,136.63,0.17512,40.11,6253.26,128.65,0.169405,37.97
55,81340,3292,0,29155,1696,3340,47278,281,2926,32332,2378,0,80589,8215,0,3544,60,91,9332,139,0,57786,4365,140,11951,197,0,11658,578,314,85749,1304,6676.24,1.0,136.31,1.0,40.07,1.0,0.170054,1.0,1585306263.0,6675.11,136.31,0.170111,40.07,6660.67,136.28,0.175106,39.96,6271.55,129.08,0.169282,38.05
55,81340,3292,0,29155,1696,3340,47278,281,2926,32332,2378,0,80589,8215,0,3544,60,91,9332,139,0,57786,4365,140,11951,197,0,11658,578,314,85749,1304,6675.11,1.0,136.31,1.0,40.07,1.0,0.170111,1.0,1585306571.0,6666.92,136.21,0.170014,40.02,6649.2,136.12,0.175575,39.91,6272.23,129.1,0.169303,38.05
55,81340,3292,0,29155,1696,3340,47278,281,2926,32332,2378,0,80589,8215,0,3544,60,91,9332,139,0,57786,4365,140,11951,197,0,11658,578,314,85749,1304,6666.92,1.0,136.21,1.0,40.02,1.0,0.170014,1.0,1585306869.0,6666.92,136.01,0.170113,40.02,6649.51,136.11,0.176221,39.88,6317.43,129.57,0.169938,38.16
55,81340,3292,0,29155,1696,3340,47278,281,2926,32332,2378,0,80589,8215,0,3544,60,91,9332,139,0,57786,4365,140,11951,197,0,11658,578,314,85749,1304,6666.92,1.0,136.01,1.0,40.02,1.0,0.170113,0.0,1585307196.0,6655.59,136.01,0.169986,39.91,6632.21,135.88,0.173011,39.82,6319.39,129.45,0.169937,38.14
55,81340,3292,0,29155,1696,3340,47278,281,2926,32332,2378,0,80589,8215,0,3544,60,91,9332,139,6273,64059,4858,140,11951,197,0,11658,578,314,85749,1304,6655.59,1.0,136.01,1.0,39.91,1.0,0.169986,1.0,1585307482.0,6668.81,136.18,0.170383,39.97,6621.35,135.7,0.17312,39.63,6288.6,129.12,0.169643,38.05
55,81340,3292,0,29155,1696,3340,47278,281,2926,32332,2378,0,80589,8215,0,3544,60,91,9332,139,6273,64059,4858,140,11951,197,0,11658,578,314,85749,1304,6668.81,1.0,136.18,1.0,39.97,1.0,0.170383,1.0,1585307770.0,6682.77,136.52,0.170951,40.08,6641.44,135.96,0.173085,39.85,6299.79,129.07,0.169557,37.94
55,81340,3292,0,29155,1696,3340,47278,281,2926,32332,2378,0,80589,8215,0,3544,60,91,9332,139,6273,64059,4858,140,11951,197,0,11658,578,314,85749,1304,6682.77,1.0,136.52,1.0,40.08,1.0,0.170951,1.0,1585308086.0,6680.72,136.6,0.170849,40.07,6658.08,136.31,0.173288,39.95,6279.28,128.94,0.169526,37.86
55,81340,3292,0,29155,1696,3340,47278,281,2926,32332,2378,0,80589,8215,0,3544,60,91,9332,139,6273,64059,4858,140,11951,197,0,11658,578,314,85749,1304,6680.72,1.0,136.6,1.0,40.07,1.0,0.170849,1.0,1585308386.0,6672.56,136.43,0.17071,39.97,6660.44,136.35,0.173311,40.02,6278.31,128.92,0.169598,37.85
55,81340,3292,0,29155,1696,3340,47278,281,2926,32332,2378,0,80589,8215,0,3544,60,91,9332,139,6273,64059,4858,140,11951,197,0,11658,578,314,85749,1304,6672.56,1.0,136.43,1.0,39.97,1.0,0.17071,1.0,1585308715.0,6664.96,136.28,0.170639,39.95,6649.93,136.05,0.172805,39.96,6275.1,128.72,0.16927,37.8
55,81340,3292,0,29155,1696,3340,47278,281,2926,32332,2378,0,80589,8215,0,3544,60,91,9332,139,6273,64059,4858,140,11951,197,0,11658,578,314,85749,1304,6664.96,1.0,136.28,1.0,39.95,1.0,0.170639,1.0,1585308996.0,6678.37,136.41,0.171262,40.06,6661.25,136.22,0.172881,40.03,6279.19,128.77,0.169227,37.8
55,81340,3292,0,29155,1696,3340,47278,281,2926,32332,2378,0,80589,8215,0,3544,60,91,9332,139,6273,64059,4858,140,11951,197,0,11658,578,314,85749,1304,6678.37,1.0,136.41,1.0,40.06,1.0,0.171262,1.0,1585309294.0,6684.72,136.63,0.17512,40.11,6665.1,136.29,0.173059,40.04,6272.31,128.59,0.169551,37.74
55,81340,3292,0,29155,1696,3340,47278,281,2926,32332,2378,0,80589,8215,0,3544,60,91,9332,139,6273,64059,4858,140,11951,197,0,11658,578,314,85749,1304,6684.72,1.0,136.63,1.0,40.11,1.0,0.17512,1.0,1585309586.0,6660.67,136.28,0.175106,39.96,6662.24,136.13,0.172899,39.98,6262.89,128.39,0.169574,37.7
55,81340,3292,0,29155,1696,3340,47278,281,2926,32332,2378,0,80589,8215,0,3544,60,91,9332,139,6273,64059,4858,140,11951,197,0,11658,578,314,85749,1304,6660.67,1.0,136.28,1.0,39.96,1.0,0.175106,1.0,1585309874.0,6649.2,136.12,0.175575,39.91,6649.12,135.92,0.17252,39.87,6273.83,128.54,0.169891,37.8
55,81340,3292,0,29155,1696,3340,47278,281,2926,32332,2378,0,80589,8215,0,3544,60,91,9332,139,6273,64059,4858,140,11951,197,0,11658,578,314,85749,1304,6649.2,1.0,136.12,1.0,39.91,1.0,0.175575,1.0,1585310168.0,6649.51,136.11,0.176221,39.88,6650.62,135.97,0.172628,39.86,6268.16,128.42,0.169756,37.76
55,81340,3292,0,29155,1696,3340,47278,281,2926,32332,2378,0,80589,8215,0,3544,60,91,9332,139,6273,64059,4858,140,11951,197,0,11658,578,314,85749,1304,6649.51,1.0,136.11,1.0,39.88,1.0,0.176221,1.0,1585310472.0,6632.21,135.88,0.173011,39.82,6649.82,135.93,0.172238,39.85,6253.82,128.17,0.169351,37.7
55,81340,3292,0,29155,1696,3340,47278,281,2926,32332,2378,0,80589,8215,0,3544,60,91,9332,139,6273,64059,4858,140,11951,197,0,11658,578,314,85749,1304,6632.21,1.0,135.88,1.0,39.82,1.0,0.173011,1.0,1585310781.0,6621.35,135.7,0.17312,39.63,6640.16,135.69,0.172243,39.66,6254.07,128.07,0.168878,37.74
55,81340,3292,0,29155,1696,3340,47278,281,2926,32332,2378,0,80589,8215,0,3544,60,91,9332,139,6273,64059,4858,140,11951,197,0,11658,578,314,85749,1304,6621.35,1.0,135.7,1.0,39.63,1.0,0.17312,1.0,1585311068.0,6641.44,135.96,0.173085,39.85,6645.89,135.73,0.172472,39.66,6256.86,128.13,0.169014,37.76
55,81340,3292,0,29155,1696,3340,47278,281,2926,32332,2378,0,80589,8215,0,3544,60,91,9332,139,6273,64059,4858,140,11951,197,0,11658,578,314,85749,1304,6641.44,1.0,135.96,1.0,39.85,1.0,0.173085,1.0,1585311367.0,6658.08,136.31,0.173288,39.95,6636.56,135.6,0.172429,39.62,6239.66,128.18,0.16899,37.74
55,81340,3292,0,29155,1696,3340,47278,281,2926,32332,2378,0,80589,8215,0,3544,60,91,9332,139,6273,64059,4858,140,11951,197,0,11658,578,314,85749,1304,6658.08,1.0,136.31,1.0,39.95,1.0,0.173288,1.0,1585311668.0,6660.44,136.35,0.173311,40.02,6621.68,135.45,0.171664,39.56,6242.15,128.21,0.169089,37.74
55,81340,3292,0,29155,1696,3340,47278,281,2926,32332,2378,0,80589,8215,0,3544,60,91,9332,139,6273,64059,4858,140,11951,197,0,11658,578,314,85749,1304,6660.44,1.0,136.35,1.0,40.02,1.0,0.173311,1.0,1585311972.0,6649.93,136.05,0.172805,39.96,6610.71,135.25,0.171358,39.53,6247.04,128.23,0.169188,37.79
55,81340,3292,0,29155,1696,3340,47278,281,2926,32332,2378,0,80589,8215,0,3544,60,91,9332,139,6273,64059,4858,140,11951,197,0,11658,578,314,85749,1304,6649.93,1.0,136.05,1.0,39.96,1.0,0.172805,1.0,1585312284.0,6661.25,136.22,0.172881,40.03,6612.58,135.07,0.171872,39.47,6268.83,128.32,0.169386,37.81
55,81340,3292,0,29155,1696,3340,47278,281,2926,32332,2378,0,80589,8215,0,3544,60,91,9332,139,6273,64059,4858,140,11951,197,0,11658,578,314,85749,1304,6661.25,1.0,136.22,0.0,40.03,1.0,0.172881,0.0,1585312588.0,6665.1,136.29,0.173059,40.04,6617.38,135.02,0.171638,39.52,6250.75,128.29,0.169677,37.79
55,81340,3292,0,29155,1696,3435,47373,285,2926,32332,2378,0,80589,8215,724,4268,76,91,9332,139,6273,64059,4858,140,11951,197,0,11658,578,314,85749,1304,6665.1,1.0,136.29,0.0,40.04,1.0,0.173059,1.0,1585312870.0,6662.24,136.13,0.172899,39.98,6629.49,135.27,0.171613,39.55,6247.99,128.21,0.169597,37.76
55,81340,3292,0,29155,1696,3435,47373,285,2926,32332,2378,0,80589,8215,724,4268,76,91,9332,139,6273,64059,4858,140,11951,197,0,11658,578,314,85749,1304,6662.24,1.0,136.13,1.0,39.98,1.0,0.172899,1.0,1585313168.0,6649.12,135.92,0.17252,39.87,6604.45,134.94,0.171223,39.34,6250.53,128.28,0.169612,37.84
55,81340,3292,0,29155,1696,3435,47373,285,2926,32332,2378,0,80589,8215,724,4268,76,91,9332,139,6273,64059,4858,140,11951,197,0,11658,578,320,85755,1304,6649.12,1.0,135.92,1.0,39.87,1.0,0.17252,1.0,1585313454.0,6650.62,135.97,0.172628,39.86,6598.05,134.9,0.171024,39.29,6258.93,128.46,0.169724,37.87
55,81340,3292,0,29155,1696,3435,47373,285,2926,32332,2378,0,80589,8215,724,4268,76,91,9332,139,6273,64059,4858,140,11951,197,0,11658,578,320,85755,1304,6650.62,1.0,135.97,1.0,39.86,1.0,0.172628,1.0,1585313764.0,6649.82,135.93,0.172238,39.85,6603.44,135.04,0.171207,39.3,6255.77,128.45,0.169644,37.89
55,81340,3292,0,29155,1696,3435,47373,285,2926,32332,2378,0,80589,8215,724,4268,76,91,9332,139,6273,64059,4858,500,12311,207,0,11658,578,320,85755,1304,6649.82,1.0,135.93,1.0,39.85,1.0,0.172238,1.0,1585314069.0,6640.16,135.69,0.172243,39.66,6604.88,135.09,0.171333,39.3,6252.81,128.49,0.169513,37.85
55,81340,3292,0,29155,1696,3435,47373,285,2926,32332,2378,0,80589,8215,724,4268,76,91,9332,139,6273,64059,4858,500,12311,207,0,11658,578,320,85755,1304,6640.16,1.0,135.69,1.0,39.66,1.0,0.172243,1.0,1585314378.0,6645.89,135.73,0.172472,39.66,6604.67,134.98,0.17132,39.23,6270.8,128.46,0.169704,37.87
55,81340,3292,0,29155,1696,3435,47373,285,2926,32332,2378,0,80589,8215,724,4268,76,91,9332,139,6273,64059,4858,500,12311,207,0,11658,578,320,85755,1304,6645.89,1.0,135.73,1.0,39.66,1.0,0.172472,1.0,1585314671.0,6636.56,135.6,0.172429,39.62,6623.92,135.4,0.171796,39.34,6263.5,128.33,0.169446,37.8
55,81340,3292,0,29155,1696,3435,47373,285,2926,32332,2378,0,80589,8215,724,4268,76,91,9332,139,6273,64059,4858,500,12311,207,0,11658,578,320,85755,1304,6636.56,1.0,135.6,1.0,39.62,1.0,0.172429,1.0,1585314966.0,6621.68,135.45,0.171664,39.56,6623.32,135.48,0.171779,39.36,6238.71,128.1,0.168849,37.77
55,81340,3292,0,29155,1696,3435,47373,285,2926,32332,2378,0,80589,8215,724,4268,76,91,9332,139,6273,64059,4858,500,12311,207,0,11658,578,320,85755,1304,6621.68,1.0,135.45,1.0,39.56,1.0,0.171664,1.0,1585315265.0,6610.71,135.25,0.171358,39.53,6616.2,135.32,0.17152,39.35,6219.66,127.59,0.167953,37.53
55,81340,3292,0,29155,1696,3435,47373,285,2926,32332,2378,0,80589,8215,724,4268,76,91,9332,139,6273,64059,4858,500,12311,207,0,11658,578,320,85755,1304,6610.71,1.0,135.25,1.0,39.53,1.0,0.171358,1.0,1585315567.0,6612.58,135.07,0.171872,39.47,6623.27,135.4,0.171949,39.38,6218.73,127.6,0.168084,37.5
55,81340,3292,0,29155,1696,3435,47373,285,2926,32332,2378,0,80589,8215,724,4268,76,91,9332,139,6273,64059,4858,500,12311,207,0,11658,578,320,85755,1304,6612.58,1.0,135.07,1.0,39.47,1.0,0.171872,1.0,1585315865.0,6617.38,135.02,0.171638,39.52,6624.52,135.39,0.172128,39.35,6250.99,128.18,0.169144,37.66
55,81340,3292,0,29155,1696,3435,47373,285,2926,32332,2378,0,80589,8215,724,4268,76,91,9332,139,6273,64059,4858,500,12311,207,0,11658,578,320,85755,1304,6617.38,1.0,135.02,1.0,39.52,1.0,0.171638,1.0,1585316161.0,6629.49,135.27,0.171613,39.55,6609.15,135.17,0.171552,39.3,6237.99,128.0,0.169219,37.64
55,81340,3292,0,29155,1696,3435,47373,285,2926,32332,2378,0,80589,8215,724,4268,76,91,9332,139,6273,64059,4858,500,12311,207,0,11658,578,327,85762,1306,6629.49,1.0,135.27,1.0,39.55,1.0,0.171613,1.0,1585316760.0,6604.45,134.94,0.171223,39.34,6601.52,134.93,0.171475,39.25,6240.46,128.1,0.169195,37.71
55,81340,3292,0,29155,1696,3435,47373,285,2926,32332,2378,0,80589,8215,724,4268,76,91,9332,139,6273,64059,4858,500,12311,207,0,11658,578,327,85762,1306,6604.45,1.0,134.94,1.0,39.34,1.0,0.171223,1.0,1585317063.0,6598.05,134.9,0.171024,39.29,6606.37,134.98,0.17175,39.25,6265.7,128.28,0.169371,37.75
55,81340,3292,0,29155,1696,3435,47373,285,2926,32332,2378,0,80589,8215,724,4268,76,91,9332,139,6273,64059,4858,500,12311,207,0,11658,578,327,85762,1306,6598.05,1.0,134.9,1.0,39.29,1.0,0.171024,1.0,1585317370.0,6603.44,135.04,0.171207,39.3,6617.73,135.37,0.171823,39.3,6264.77,128.18,0.169371,37.76
55,81340,3292,0,29155,1696,3435,47373,285,2926,32332,2378,0,80589,8215,724,4268,76,91,9332,139,6273,64059,4858,500,12311,207,0,11658,578,327,85762,1306,6603.44,1.0,135.04,1.0,39.3,1.0,0.171207,1.0,1585317670.0,6604.88,135.09,0.171333,39.3,6620.75,135.41,0.171834,39.32,6268.18,128.65,0.169386,37.83
55,81340,3292,0,29155,1696,3435,47373,285,2926,32332,2378,0,80589,8215,724,4268,76,91,9332,139,6273,64059,4858,500,12311,207,0,11658,578,327,85762,1306,6604.88,1.0,135.09,1.0,39.3,1.0,0.171333,1.0,1585317970.0,6604.67,134.98,0.17132,39.23,6623.85,135.45,0.17153,39.36,6280.86,129.05,0.169663,37.94
55,81340,3292,0,29155,1696,3435,47373,285,2926,32332,2378,0,80589,8215,724,4268,76,91,9332,139,6273,64059,4858,500,12311,207,0,11658,578,327,85762,1306,6604.67,1.0,134.98,1.0,39.23,1.0,0.17132,1.0,1585318276.0,6623.92,135.4,0.171796,39.34,6627.87,135.54,0.171723,39.36,6290.0,129.1,0.169933,38.0
55,81340,3292,0,29155,1696,3435,47373,285,2926,32332,2378,0,80589,8215,724,4268,76,91,9332,139,6273,64059,4858,500,12311,207,0,11658,578,327,85762,1306,6623.92,1.0,135.4,1.0,39.34,1.0,0.171796,1.0,1585318573.0,6623.32,135.48,0.171779,39.36,6648.58,135.97,0.172424,39.48,6284.76,128.9,0.169875,37.98
55,81340,3292,0,29155,1696,3435,47373,285,2926,32332,2378,0,80589,8215,724,4268,76,91,9332,139,6273,64059,4858,500,12311,207,0,11658,578,327,85762,1306,6623.32,1.0,135.48,1.0,39.36,1.0,0.171779,0.0,1585318870.0,6616.2,135.32,0.17152,39.35,6646.29,135.97,0.172223,39.51,6269.81,128.78,0.169995,37.97
55,81340,3292,0,29155,1696,3435,47373,285,2926,32332,2378,0,80589,8215,724,4268,76,91,9332,139,6273,64059,4858,500,12311,207,0,11658,578,327,85762,1306,6616.2,1.0,135.32,1.0,39.35,1.0,0.17152,1.0,1585319171.0,6623.27,135.4,0.171949,39.38,6647.77,136.01,0.172276,39.51,6277.09,128.89,0.170452,38.01
55,81340,3292,0,29155,1696,3435,47373,285,2926,32332,2378,0,80589,8215,724,4268,76,91,9332,139,6273,64059,4858,500,12311,207,0,11658,578,327,85762,1306,6623.27,1.0,135.4,1.0,39.38,1.0,0.171949,1.0,1585319477.0,6624.52,135.39,0.172128,39.35,6637.67,135.9,0.172229,39.43,6299.76,129.12,0.170583,38.06
55,81340,3292,0,29155,1696,3435,47373,285,2926,32332,2378,0,80589,8215,724,4268,76,91,9332,139,6273,64059,4858,500,12311,207,0,11658,578,327,85762,1306,6624.52,1.0,135.39,1.0,39.35,1.0,0.172128,1.0,1585319776.0,6609.15,135.17,0.171552,39.3,6641.87,135.89,0.172469,39.45,6304.65,129.28,0.170843,38.07
55,81340,3292,0,29155,1696,3435,47373,285,2926,32332,2378,0,80589,8215,724,4268,76,91,9332,139,6273,64059,4858,500,12311,207,2921,14579,759,327,85762,1306,6609.15,1.0,135.17,1.0,39.3,1.0,0.171552,1.0,1585320082.0,6601.52,134.93,0.171475,39.25,6645.91,136.0,0.173256,39.5,6278.12,129.03,0.170359,37.92
55,81340,3292,0,29155,1696,3435,47373,285,2926,32332,2378,0,80589,8215,724,4268,76,91,9332,139,6273,64059,4858,500,12311,207,2921,14579,759,327,85762,1306,6601.52,1.0,134.93,1.0,39.25,1.0,0.171475,1.0,1585320373.0,6606.37,134.98,0.17175,39.25,6649.84,136.07,0.173406,39.51,6253.57,128.72,0.169433,37.76
55,81340,3292,0,29155,1696,5406,49344,304,2926,32332,2378,0,80589,8215,724,4268,76,91,9332,139,6273,64059,4858,500,12311,207,2921,14579,759,471,85906,1307,6606.37,1.0,134.98,1.0,39.25,1.0,0.17175,1.0,1585320672.0,6617.73,135.37,0.171823,39.3,6647.37,136.05,0.173096,39.5,6254.54,128.7,0.169489,37.76
55,81340,3292,0,29155,1696,5406,49344,304,2926,32332,2378,0,80589,8215,724,4268,76,91,9332,139,6273,64059,4858,500,12311,207,2921,14579,759,471,85906,1307,6617.73,1.0,135.37,1.0,39.3,1.0,0.171823,1.0,1585320969.0,6620.75,135.41,0.171834,39.32,6630.52,135.88,0.173142,39.36,6259.46,128.83,0.17018,37.78
55,81340,3292,0,29155,1696,5406,49344,304,2926,32332,2378,0,80589,8215,724,4268,76,91,9332,139,6273,64059,4858,500,12311,207,2921,14579,759,471,85906,1307,6620.75,1.0,135.41,1.0,39.32,1.0,0.171834,1.0,1585321264.0,6623.85,135.45,0.17153,39.36,6630.42,135.9,0.173172,39.36,6252.49,129.1,0.170211,37.83
55,81340,3292,0,29155,1696,5406,49344,304,2926,32332,2378,0,80589,8215,724,4268,76,91,9332,139,6273,64059,4858,500,12311,207,2921,14579,759,471,85906,1307,6623.85,1.0,135.45,1.0,39.36,1.0,0.17153,1.0,1585321566.0,6627.87,135.54,0.171723,39.36,6636.87,135.88,0.173225,39.47,6255.3,129.25,0.171349,37.9
55,81340,3292,0,29155,1696,5406,49344,304,2926,32332,2378,0,80589,8215,724,4268,76,91,9332,139,6273,64059,4858,500,12311,207,2921,14579,759,471,85906,1307,6627.87,1.0,135.54,1.0,39.36,1.0,0.171723,1.0,1585321871.0,6648.58,135.97,0.172424,39.48,6617.48,135.79,0.1729,39.39,6253.68,129.13,0.171419,37.9
55,81340,3292,0,29155,1696,5406,49344,304,2926,32332,2378,0,80589,8215,724,4268,76,91,9332,139,6273,64059,4858,500,12311,207,2921,14579,759,471,85906,1307,6648.58,1.0,135.97,1.0,39.48,1.0,0.172424,1.0,1585322179.0,6646.29,135.97,0.172223,39.51,6610.19,135.56,0.172493,39.33,6257.46,129.29,0.171657,37.95
55,81340,3292,0,29155,1696,5406,49344,304,2926,32332,2378,0,80589,8215,724,4268,76,91,9332,139,6273,64059,4858,500,12311,207,2921,14579,759,1113,86548,1321,6646.29,1.0,135.97,1.0,39.51,1.0,0.172223,1.0,1585322474.0,6647.77,136.01,0.172276,39.51,6609.61,135.45,0.172324,39.28,6271.99,129.15,0.171491,37.95
55,81340,3292,0,29155,1696,5406,49344,304,2926,32332,2378,0,80589,8215,724,4268,76,91,9332,139,6273,64059,4858,500,12311,207,2921,14579,759,1113,86548,1321,6647.77,1.0,136.01,1.0,39.51,1.0,0.172276,1.0,1585322766.0,6637.67,135.9,0.172229,39.43,6616.58,135.46,0.172769,39.33,6271.94,129.06,0.171561,37.98
55,81340,3292,0,29155,1696,5406,49344,304,2926,32332,2378,0,80589,8215,724,4268,76,91,9332,139,6273,64059,4858,500,12311,207,2921,14579,759,1113,86548,1321,6637.67,1.0,135.9,1.0,39.43,1.0,0.172229,1.0,1585323078.0,6641.87,135.89,0.172469,39.45,6624.16,135.59,0.173143,39.35,6249.09,128.85,0.171576,37.98
55,81340,3292,0,29155,1696,5406,49344,304,2926,32332,2378,0,80589,8215,724,4268,76,91,9332,139,6273,64059,4858,500,12311,207,2921,14579,759,1113,86548,1321,6641.87,1.0,135.89,1.0,39.45,1.0,0.172469,1.0,1585323376.0,6645.91,136.0,0.173256,39.5,6623.97,135.7,0.173162,39.39,6253.67,128.59,0.171414,37.94
55,81340,3292,0,29155,1696,5406,49344,304,2926,32332,2378,0,80589,8215,724,4268,76,91,9332,139,6273,64059,4934,500,12311,207,2921,14579,759,1113,86548,1321,6645.91,1.0,136.0,1.0,39.5,1.0,0.173256,1.0,1585323676.0,6649.84,136.07,0.173406,39.51,6626.91,135.87,0.173553,39.44,6250.94,128.41,0.171199,37.89
55,81340,3292,0,29155,1696,5406,49344,304,2926,32332,2378,0,80589,8215,724,4268,76,91,9332,139,6273,64059,4934,500,12311,207,2921,14579,759,1113,86548,1321,6649.84,1.0,136.07,1.0,39.51,1.0,0.173406,1.0,1585323975.0,6647.37,136.05,0.173096,39.5,6624.9,135.93,0.173657,39.47,6244.73,128.26,0.171022,37.85
55,81340,3292,0,29155,1696,5406,49344,304,2926,32332,2378,0,80589,8215,724,4268,76,91,9332,139,6273,64059,4934,500,12311,207,2885,14543,759,1113,86548,1321,6647.37,1.0,136.05,1.0,39.5,1.0,0.173096,1.0,1585324275.0,6630.52,135.88,0.173142,39.36,6641.12,136.19,0.174681,39.56,6236.86,128.51,0.171487,37.89
55,81340,3292,0,29155,1696,5406,49344,304,2926,32332,2378,0,80589,8215,724,4268,76,91,9332,139,6273,64059,4934,500,12311,207,2885,14543,759,1113,86548,1321,6630.52,1.0,135.88,1.0,39.36,1.0,0.173142,1.0,1585324575.0,6630.42,135.9,0.173172,39.36,6664.21,136.61,0.174548,39.62,6256.63,128.6,0.171505,37.93
55,81340,3292,0,29155,1696,5406,49344,304,2926,32332,2378,0,80589,8215,724,4268,76,91,9332,139,6273,64059,4934,500,12311,207,2885,14543,759,6771,92206,1371,6630.42,1.0,135.9,1.0,39.36,1.0,0.173172,1.0,1585324874.0,6636.87,135.88,0.173225,39.47,6658.92,136.58,0.174192,39.5,6234.01,128.46,0.171403,37.87
55,81340,3292,0,29155,1696,5406,49344,304,2926,32332,2378,0,80589,8215,724,4268,76,91,9332,139,6273,64059,4934,500,12311,207,2885,14543,759,6771,92206,1371,6636.87,1.0,135.88,1.0,39.47,1.0,0.173225,1.0,1585325182.0,6617.48,135.79,0.1729,39.39,6649.52,136.45,0.174193,39.51,6239.03,128.29,0.171158,37.79
55,81340,3292,0,29155,1696,5406,49344,304,2926,32332,2378,0,80589,8215,724,4268,76,91,9332,139,6273,64059,4934,500,12311,207,2885,14543,759,7696,93131,1382,6617.48,1.0,135.79,1.0,39.39,1.0,0.1729,1.0,1585325490.0,6610.19,135.56,0.172493,39.33,6651.46,136.51,0.174351,39.56,6230.17,128.12,0.17116,37.76
55,81340,3292,0,29155,1696,5406,49344,304,2926,32332,2378,0,80589,8215,724,4268,76,91,9332,139,6273,64059,4934,500,12311,207,2885,14543,759,7696,93131,1382,6610.19,1.0,135.56,1.0,39.33,1.0,0.172493,1.0,1585325786.0,6609.61,135.45,0.172324,39.28,6650.07,136.57,0.174349,39.51,6231.16,128.51,0.171478,37.91
55,81340,3292,0,29155,1696,5406,49344,304,2926,32332,2378,0,80589,8215,724,4268,76,91,9332,139,6273,64059,4934,500,12311,207,2885,14543,759,7716,93151,1382,6609.61,1.0,135.45,1.0,39.28,1.0,0.172324,1.0,1585326078.0,6616.58,135.46,0.172769,39.33,6644.44,136.38,0.17418,39.49,,,,
55,81340,3292,0,29155,1696,5406,49344,304,2926,32332,2378,0,80589,8215,724,4268,76,91,9332,139,6273,64059,4934,500,12311,207,2885,14543,759,7716,93151,1382,6616.58,1.0,135.46,1.0,39.33,1.0,0.172769,1.0,1585326369.0,6624.16,135.59,0.173143,39.35,6642.37,136.3,0.173785,39.48,,,,
55,81340,3292,0,29155,1696,5406,49344,304,2926,32332,2378,0,80589,8215,724,4268,76,91,9332,139,6273,64059,4934,500,12311,207,2885,14543,759,7716,93151,1382,6624.16,1.0,135.59,1.0,39.35,1.0,0.173143,1.0,1585326674.0,6623.97,135.7,0.173162,39.39,6644.22,136.22,0.17358,39.55,,,,
55,81340,3292,0,29155,1696,5406,49344,304,2926,32332,2378,0,80589,8215,724,4268,76,91,9332,139,6273,64059,4934,500,12311,207,2885,14543,759,7716,93151,1382,6623.97,1.0,135.7,1.0,39.39,1.0,0.173162,1.0,1585326967.0,6626.91,135.87,0.173553,39.44,6627.52,135.88,0.173241,39.47,,,,
55,81340,3292,0,29155,1696,5406,49344,304,2926,32332,2378,0,80589,8215,724,4268,76,91,9332,139,6273,64059,4934,500,12311,207,2885,14543,759,7716,93151,1382,6626.91,1.0,135.87,1.0,39.44,1.0,0.173553,1.0,1585327281.0,6624.9,135.93,0.173657,39.47,6621.37,135.7,0.173097,39.43,,,,
55,81340,3292,0,29155,1696,5406,49344,304,2926,32332,2378,0,80589,8215,724,4268,76,91,9332,139,6273,64059,4934,500,12311,207,2885,14543,759,7716,93151,1382,6624.9,1.0,135.93,1.0,39.47,1.0,0.173657,1.0,1585327573.0,6641.12,136.19,0.174681,39.56,6622.38,135.84,0.173406,39.54,,,,
55,81340,3292,0,29155,1696,5406,49344,304,2926,32332,2378,5909,86498,9134,724,4268,76,91,9332,139,6273,64059,4934,500,12311,207,2885,14543,759,7894,93329,1384,6641.12,1.0,136.19,1.0,39.56,1.0,0.174681,1.0,1585327872.0,6664.21,136.61,0.174548,39.62,6627.36,136.1,0.17339,39.54,,,,
55,81340,3292,0,29155,1696,5406,49344,304,2926,32332,2378,5909,86498,9134,724,4268,76,91,9332,139,6273,64059,4934,500,12311,207,2885,14543,759,7894,93329,1384,6664.21,1.0,136.61,1.0,39.62,1.0,0.174548,1.0,1585328179.0,6658.92,136.58,0.174192,39.5,6649.62,136.48,0.173724,39.64,,,,
55,81340,3292,0,29155,1696,5406,49344,304,2926,32332,2378,5909,86498,9134,724,4268,76,91,9332,139,6273,64059,4934,500,12311,207,2885,14543,759,7894,93329,1384,6658.92,1.0,136.58,1.0,39.5,1.0,0.174192,1.0,1585328477.0,6649.52,136.45,0.174193,39.51,6642.39,136.4,0.173686,39.59,,,,
55,81340,3292,0,29155,1696,5406,49344,304,2926,32332,2378,5909,86498,9134,724,4268,76,91,9332,139,6273,64059,4934,500,12311,207,2885,14543,759,7894,93329,1384,6649.52,1.0,136.45,1.0,39.51,1.0,0.174193,1.0,1585328772.0,6651.46,136.51,0.174351,39.56,6642.92,136.43,0.173714,39.63,,,,
55,81340,3292,0,29155,1696,5406,49344,304,2926,32332,2378,5909,86498,9134,724,4268,76,91,9332,139,6273,64059,4934,500,12311,207,2885,14543,759,7894,93329,1384,6651.46,1.0,136.51,1.0,39.56,1.0,0.174351,1.0,1585329070.0,6650.07,136.57,0.174349,39.51,6642.52,136.52,0.173851,39.61,,,,
55,81340,3292,0,29155,1696,5406,49344,304,2926,32332,2378,5909,86498,9134,724,4268,76,91,9332,139,6273,64059,4934,500,12311,207,2885,14543,759,7894,93329,1384,6650.07,1.0,136.57,1.0,39.51,1.0,0.174349,1.0,1585329375.0,6644.44,136.38,0.17418,39.49,6644.28,136.46,0.173982,39.62,,,,
55,81340,3292,0,29155,1696,5406,49344,304,2926,32332,2378,5909,86498,9134,724,4268,76,91,9332,139,6273,64059,4934,500,12311,207,2885,14543,759,7894,93329,1384,6644.44,1.0,136.38,1.0,39.49,1.0,0.17418,1.0,1585329678.0,6642.37,136.3,0.173785,39.48,6643.21,136.44,0.174071,39.6,,,,
55,81340,3292,0,29155,1696,5406,49344,304,2926,32332,2378,5909,86498,9134,724,4268,76,91,9332,139,6273,64059,4934,500,12311,207,2885,14543,759,8005,93440,1385,6642.37,1.0,136.3,1.0,39.48,1.0,0.173785,1.0,1585329971.0,6644.22,136.22,0.17358,39.55,6653.43,136.62,0.17451,39.66,,,,
55,81340,3292,0,29155,1696,5406,49344,304,2926,32332,2378,5909,86498,9134,724,4268,76,91,9332,139,6273,64059,4934,500,12311,207,2885,14543,759,8990,94425,1429,6644.22,1.0,136.22,1.0,39.55,1.0,0.17358,1.0,1585330281.0,6627.52,135.88,0.173241,39.47,6648.98,136.58,0.1744,39.62,,,,
55,81340,3292,0,29155,1696,5406,49344,304,2926,32332,2378,5909,86498,9134,724,4268,76,91,9332,139,6273,64059,4934,500,12311,207,2885,14543,759,8990,94425,1429,6627.52,1.0,135.88,1.0,39.47,1.0,0.173241,1.0,1585330575.0,6621.37,135.7,0.173097,39.43,6637.91,136.42,0.174369,39.56,,,,
55,81340,3292,0,29155,1696,5406,49344,304,2926,32332,2378,5909,86498,9134,724,4268,76,91,9332,139,6273,64059,4934,1117,12928,231,2885,14543,759,8990,94425,1429,6621.37,1.0,135.7,1.0,39.43,1.0,0.173097,1.0,1585330877.0,6622.38,135.84,0.173406,39.54,6653.07,136.8,0.174661,39.61,,,,
55,81340,3292,0,29155,1696,5406,49344,304,2926,32332,2378,5909,86498,9134,724,4268,76,91,9332,139,6273,64059,4934,1117,12928,231,2885,14543,759,8990,94425,1429,6622.38,1.0,135.84,1.0,39.54,1.0,0.173406,1.0,1585331188.0,6627.36,136.1,0.17339,39.54,6653.33,136.85,0.174953,39.69,,,,
55,81340,3292,0,29155,1696,5406,49344,304,2926,32332,2378,5909,86498,9134,724,4268,76,91,9332,139,6273,64059,4934,1117,12928,231,2885,14543,759,8990,94425,1429,6627.36,0.0,136.1,1.0,39.54,1.0,0.17339,1.0,1585331472.0,6649.62,136.48,0.173724,39.64,6658.17,136.96,0.175191,39.74,,,,
55,81340,3292,0,29155,1696,5406,49344,304,2926,32332,2378,5909,86498,9134,724,4268,76,91,9332,139,6273,64059,4934,1117,12928,231,2885,14543,759,8990,94425,1429,6649.62,1.0,136.48,1.0,39.64,1.0,0.173724,1.0,1585331763.0,6642.39,136.4,0.173686,39.59,6663.07,137.09,0.175568,39.78,,,,
55,81340,3292,0,29155,1696,5406,49344,304,2926,32332,2378,5909,86498,9134,724,4268,76,91,9332,139,6273,64059,4934,1117,12928,231,2885,14543,759,8990,94425,1429,6642.39,1.0,136.4,1.0,39.59,1.0,0.173686,1.0,1585332058.0,6642.92,136.43,0.173714,39.63,6658.69,137.26,0.175853,39.74,,,,
